<?xml version="1.0" encoding="UTF-8"?>
<gpx version="1.1" creator="GPS Tracks - https://www.dmsoftwaresolutions.com" schemaLocation="http://www.topografix.com/GPX/1/1 http://www.topografix.com/GPX/1/1/gpx.xsd http://www.garmin.com/xmlschemas/GpxExtensions/v3 http://www.garmin.com/xmlschemas/GpxExtensionsv3.xsd http://www.garmin.com/xmlschemas/TrackPointExtension/v1 http://www.garmin.com/xmlschemas/TrackPointExtensionv1.xsd http://www.garmin.com/xmlschemas/PowerExtension/v1 http://www.garmin.com/xmlschemas/PowerExtensionv1.xsd http://www.topografix.com/GPX/gpx_style/0/2 http://www.topografix.com/GPX/gpx_style/0/2/gpx_style.xsd" xmlns="http://www.topografix.com/GPX/1/1" xmlns:xsi="http://www.w3.org/2001/XMLSchema-instance" xsi:schemaLocation="http://www.topografix.com/GPX/1/1 http://www.topografix.com/GPX/1/1/gpx.xsd http://www.garmin.com/xmlschemas/GpxExtensions/v3 http://www.garmin.com/xmlschemas/GpxExtensionsv3.xsd http://www.garmin.com/xmlschemas/TrackPointExtension/v1 http://www.garmin.com/xmlschemas/TrackPointExtensionv1.xsd http://www.garmin.com/xmlschemas/PowerExtension/v1 http://www.garmin.com/xmlschemas/PowerExtensionv1.xsd http://www.topografix.com/GPX/gpx_style/0/2 http://www.topografix.com/GPX/gpx_style/0/2/gpx_style.xsd" xmlns:gpxtpx="http://www.garmin.com/xmlschemas/TrackPointExtension/v1" xmlns:gpxx="http://www.garmin.com/xmlschemas/GpxExtensions/v3" xmlns:gpxpx="http://www.garmin.com/xmlschemas/PowerExtension/v1" xmlns:gpx_style="http://www.topografix.com/GPX/gpx_style/0/2">
  <metadata>
    <name>Due Passi In Paradiso</name>
    <author>
      <name>gpx.studio</name>
      <link href="https://gpx.studio"/>
    </author>
    <link href="https://www.dmsoftwaresolutions.com">
      <text>GPS Tracks</text>
    </link>
    <time>2026-01-02T10:56:24.000Z</time>
  </metadata>
  <wpt lat="46.441313097354936" lon="11.01701065122657">
    <ele>946.7450321796099</ele>
    <time>2026-01-02T08:03:42.000Z</time>
    <name>1. ACCOGLIENZA _ Comune di Rumo (Marcena)</name>
  </wpt>
  <wpt lat="46.439674" lon="11.031984">
    <ele>1024.7745856521658</ele>
    <name>2. CONDIVISIONE _ Bar Podetti</name>
  </wpt>
  <wpt lat="46.439364" lon="11.033501">
    <ele>1015.2321746315033</ele>
    <name>3. PREGHIERA _ Chiesa di Sant&apos;Udalrico</name>
  </wpt>
  <wpt lat="46.447247" lon="11.033099">
    <ele>1153.182969767749</ele>
    <name>4. ALLEGRIA _ Le Plazze Basse (area Pic-Nic)</name>
  </wpt>
  <wpt lat="46.458194" lon="11.037898">
    <ele>1278.5851953702472</ele>
    <name>5. EDUCAZIONE _ Maso San Nicolò (Valorz)</name>
  </wpt>
  <wpt lat="46.461025" lon="11.035008">
    <ele>1324.0624814567234</ele>
    <name>6. SEMPLICITA&apos; _ Trattoria Al Bosco</name>
  </wpt>
  <wpt lat="46.451601" lon="11.027926">
    <ele>1317.081314035855</ele>
    <time>2026-01-02T11:07:34.000Z</time>
    <name>7. BELLEZZA _ Sacra Famiglia (Prada)</name>
  </wpt>
  <wpt lat="46.445398" lon="11.014168">
    <ele>993.1864257143819</ele>
    <time>2026-01-02T11:57:50.000Z</time>
    <name>8. RINGRAZIAMENTO _ Centro Polifunzionale (Corte Superiore)</name>
  </wpt>
  <wpt lat="46.441312490422916" lon="11.01700977046363">
    <ele>946.7276893604837</ele>
    <time>2026-01-02T12:09:40.000Z</time>
    <name>Fine</name>
  </wpt>
  <trk>
    <name>Due Passi In Paradiso</name>
    <trkseg>
      <trkpt lat="46.44132762867784" lon="11.01701899370832">
        <ele>947.052517969878</ele>
        <time>2026-01-02T08:03:13.538Z</time>
      </trkpt>
      <trkpt lat="46.44132341887453" lon="11.017155089095155">
        <ele>948.1264559962538</ele>
        <time>2026-01-02T08:03:23.176Z</time>
      </trkpt>
      <trkpt lat="46.44132341887453" lon="11.017155089095155">
        <ele>948.1264559962538</ele>
        <time>2026-01-02T08:03:23.176Z</time>
      </trkpt>
      <trkpt lat="46.4412944583859" lon="11.017331783211006">
        <ele>949.2671823612664</ele>
        <time>2026-01-02T08:03:36.025Z</time>
      </trkpt>
      <trkpt lat="46.44133039275089" lon="11.01735226571692">
        <ele>949.9135207670824</ele>
        <time>2026-01-02T08:03:39.988Z</time>
      </trkpt>
      <trkpt lat="46.44133039275089" lon="11.01735226571692">
        <ele>952.3076889710501</ele>
        <time>2026-01-02T08:03:39.988Z</time>
      </trkpt>
      <trkpt lat="46.44133039275089" lon="11.01735226571692">
        <ele>949.9135207670824</ele>
        <time>2026-01-02T08:03:43.997Z</time>
      </trkpt>
      <trkpt lat="46.44142260970648" lon="11.017359305753303">
        <ele>951.2649075300249</ele>
        <time>2026-01-02T08:03:52.411Z</time>
      </trkpt>
      <trkpt lat="46.44142260970648" lon="11.017359305753303">
        <ele>951.2649075300249</ele>
        <time>2026-01-02T08:03:52.411Z</time>
      </trkpt>
      <trkpt lat="46.441495768495145" lon="11.017265786286202">
        <ele>951.7450092424131</ele>
        <time>2026-01-02T08:04:01.325Z</time>
      </trkpt>
      <trkpt lat="46.441495768495145" lon="11.017265786286202">
        <ele>951.7450092424131</ele>
        <time>2026-01-02T08:04:01.325Z</time>
      </trkpt>
      <trkpt lat="46.44178405128284" lon="11.016944464279732">
        <ele>955.5401792111663</ele>
        <time>2026-01-02T08:04:34.577Z</time>
      </trkpt>
      <trkpt lat="46.44178405128284" lon="11.016944464279732">
        <ele>955.5401792111663</ele>
        <time>2026-01-02T08:04:34.577Z</time>
      </trkpt>
      <trkpt lat="46.44184042401258" lon="11.016882941140977">
        <ele>956.449882413913</ele>
        <time>2026-01-02T08:04:41.259Z</time>
      </trkpt>
      <trkpt lat="46.44184042401258" lon="11.016882941140977">
        <ele>956.449882413913</ele>
        <time>2026-01-02T08:04:41.259Z</time>
      </trkpt>
      <trkpt lat="46.44195864654574" lon="11.01680979981495">
        <ele>958.6212591628553</ele>
        <time>2026-01-02T08:04:53.434Z</time>
      </trkpt>
      <trkpt lat="46.44195864654574" lon="11.01680979981495">
        <ele>958.6212591628553</ele>
        <time>2026-01-02T08:04:53.434Z</time>
      </trkpt>
      <trkpt lat="46.441960956884515" lon="11.01690736515485">
        <ele>959.2130024164456</ele>
        <time>2026-01-02T08:04:59.850Z</time>
      </trkpt>
      <trkpt lat="46.441960956884515" lon="11.01690736515485">
        <ele>959.2130024164456</ele>
        <time>2026-01-02T08:04:59.850Z</time>
      </trkpt>
      <trkpt lat="46.4419607258495" lon="11.016976599674791">
        <ele>959.5386416316967</ele>
        <time>2026-01-02T08:05:04.399Z</time>
      </trkpt>
      <trkpt lat="46.4419607258495" lon="11.016976599674791">
        <ele>959.5386416316967</ele>
        <time>2026-01-02T08:05:04.399Z</time>
      </trkpt>
      <trkpt lat="46.44195754299781" lon="11.017023067805468">
        <ele>959.7393793981526</ele>
        <time>2026-01-02T08:05:07.475Z</time>
      </trkpt>
      <trkpt lat="46.44195754299781" lon="11.017023067805468">
        <ele>959.7393793981526</ele>
        <time>2026-01-02T08:05:07.475Z</time>
      </trkpt>
      <trkpt lat="46.441949015763385" lon="11.017139255770104">
        <ele>960.1493106202074</ele>
        <time>2026-01-02T08:05:15.182Z</time>
      </trkpt>
      <trkpt lat="46.441949015763385" lon="11.017139255770104">
        <ele>960.1493106202074</ele>
        <time>2026-01-02T08:05:15.182Z</time>
      </trkpt>
      <trkpt lat="46.441929262570255" lon="11.017419211495508">
        <ele>959.3776866549501</ele>
        <time>2026-01-02T08:05:33.757Z</time>
      </trkpt>
      <trkpt lat="46.441929262570255" lon="11.017419211495508">
        <ele>959.3776866549501</ele>
        <time>2026-01-02T08:05:33.757Z</time>
      </trkpt>
      <trkpt lat="46.44195765055724" lon="11.017421764065773">
        <ele>959.9441772495404</ele>
        <time>2026-01-02T08:05:36.481Z</time>
      </trkpt>
      <trkpt lat="46.44195765055724" lon="11.017421764065773">
        <ele>959.9441772495404</ele>
        <time>2026-01-02T08:05:36.481Z</time>
      </trkpt>
      <trkpt lat="46.44195372296039" lon="11.017516814847681">
        <ele>959.5956242786733</ele>
        <time>2026-01-02T08:05:42.769Z</time>
      </trkpt>
      <trkpt lat="46.44195372296039" lon="11.017516814847681">
        <ele>959.5956242786733</ele>
        <time>2026-01-02T08:05:42.769Z</time>
      </trkpt>
      <trkpt lat="46.441980870104885" lon="11.01754631977201">
        <ele>960.0012107856599</ele>
        <time>2026-01-02T08:05:45.824Z</time>
      </trkpt>
      <trkpt lat="46.441980870104885" lon="11.01754631977201">
        <ele>960.0012107856599</ele>
        <time>2026-01-02T08:05:45.824Z</time>
      </trkpt>
      <trkpt lat="46.442055263999805" lon="11.017724265915405">
        <ele>960.859654155654</ele>
        <time>2026-01-02T08:05:58.743Z</time>
      </trkpt>
      <trkpt lat="46.44221383813882" lon="11.018334887593745">
        <ele>965.1323323668919</ele>
        <time>2026-01-02T08:06:39.249Z</time>
      </trkpt>
      <trkpt lat="46.442214832361564" lon="11.01833871604877">
        <ele>965.1726097922314</ele>
        <time>2026-01-02T08:06:39.502Z</time>
      </trkpt>
      <trkpt lat="46.442214832361564" lon="11.01833871604877">
        <ele>965.1087151961401</ele>
        <time>2026-01-02T08:06:39.502Z</time>
      </trkpt>
      <trkpt lat="46.44224378942799" lon="11.018463579039242">
        <ele>966.6975824255496</ele>
        <time>2026-01-02T08:09:05.000Z</time>
      </trkpt>
      <trkpt lat="46.442273040797026" lon="11.018596395234882">
        <ele>969.8207831727341</ele>
        <time>2026-01-02T08:09:12.000Z</time>
      </trkpt>
      <trkpt lat="46.44230380150648" lon="11.018738353181655">
        <ele>970.9706741254777</ele>
        <time>2026-01-02T08:09:21.041Z</time>
      </trkpt>
      <trkpt lat="46.44230380150648" lon="11.018738353181655">
        <ele>970.0329427661123</ele>
        <time>2026-01-02T08:09:21.041Z</time>
      </trkpt>
      <trkpt lat="46.44232022635501" lon="11.018815169273324">
        <ele>971.4674341794574</ele>
        <time>2026-01-02T08:09:25.722Z</time>
      </trkpt>
      <trkpt lat="46.44232022635501" lon="11.018815169273324">
        <ele>971.4674341794574</ele>
        <time>2026-01-02T08:09:25.722Z</time>
      </trkpt>
      <trkpt lat="46.44233547489327" lon="11.019025219916756">
        <ele>974.9177189014865</ele>
        <time>2026-01-02T08:09:35.942Z</time>
      </trkpt>
      <trkpt lat="46.44233547489327" lon="11.019025219916756">
        <ele>974.9177189014865</ele>
        <time>2026-01-02T08:09:35.942Z</time>
      </trkpt>
      <trkpt lat="46.44232542505972" lon="11.019147261168655">
        <ele>976.8457090440564</ele>
        <time>2026-01-02T08:09:43.346Z</time>
      </trkpt>
      <trkpt lat="46.44232542505972" lon="11.019147261168655">
        <ele>976.8457090440564</ele>
        <time>2026-01-02T08:09:43.346Z</time>
      </trkpt>
      <trkpt lat="46.44229736083102" lon="11.019219022547787">
        <ele>977.441784512863</ele>
        <time>2026-01-02T08:09:48.317Z</time>
      </trkpt>
      <trkpt lat="46.44229736083102" lon="11.019219022547787">
        <ele>977.441784512863</ele>
        <time>2026-01-02T08:09:48.317Z</time>
      </trkpt>
      <trkpt lat="46.44222585613733" lon="11.019401243777367">
        <ele>978.7646788859643</ele>
        <time>2026-01-02T08:10:00.951Z</time>
      </trkpt>
      <trkpt lat="46.44222585613733" lon="11.019401243777367">
        <ele>978.7646788859643</ele>
        <time>2026-01-02T08:10:00.951Z</time>
      </trkpt>
      <trkpt lat="46.442167681353624" lon="11.019598881245372">
        <ele>979.0501671402008</ele>
        <time>2026-01-02T08:10:13.297Z</time>
      </trkpt>
      <trkpt lat="46.442167681353624" lon="11.019598881245372">
        <ele>979.0501671402008</ele>
        <time>2026-01-02T08:10:13.297Z</time>
      </trkpt>
      <trkpt lat="46.44215277956502" lon="11.019722764479098">
        <ele>979.4837439863484</ele>
        <time>2026-01-02T08:10:20.521Z</time>
      </trkpt>
      <trkpt lat="46.44215277956502" lon="11.019722764479098">
        <ele>979.4837439863484</ele>
        <time>2026-01-02T08:10:20.521Z</time>
      </trkpt>
      <trkpt lat="46.4421105580833" lon="11.020056861225783">
        <ele>979.3811636140626</ele>
        <time>2026-01-02T08:10:39.643Z</time>
      </trkpt>
      <trkpt lat="46.4421105580833" lon="11.020056861225783">
        <ele>979.3811636140626</ele>
        <time>2026-01-02T08:10:39.643Z</time>
      </trkpt>
      <trkpt lat="46.44203645877175" lon="11.020547304523433">
        <ele>981.7119220860312</ele>
        <time>2026-01-02T08:11:07.908Z</time>
      </trkpt>
      <trkpt lat="46.44203645877175" lon="11.020547304523433">
        <ele>981.7119220860312</ele>
        <time>2026-01-02T08:11:07.908Z</time>
      </trkpt>
      <trkpt lat="46.4419659761717" lon="11.02074786522192">
        <ele>982.3153011388113</ele>
        <time>2026-01-02T08:11:20.582Z</time>
      </trkpt>
      <trkpt lat="46.4419659761717" lon="11.02074786522192">
        <ele>982.3153011388113</ele>
        <time>2026-01-02T08:11:20.582Z</time>
      </trkpt>
      <trkpt lat="46.44190623738095" lon="11.020917142655833">
        <ele>982.8958559159199</ele>
        <time>2026-01-02T08:11:31.367Z</time>
      </trkpt>
      <trkpt lat="46.44190623738095" lon="11.020917142655833">
        <ele>982.8958559159199</ele>
        <time>2026-01-02T08:11:31.367Z</time>
      </trkpt>
      <trkpt lat="46.441839468127796" lon="11.021136413188174">
        <ele>985.9431830516559</ele>
        <time>2026-01-02T08:11:44.961Z</time>
      </trkpt>
      <trkpt lat="46.441839468127796" lon="11.021136413188174">
        <ele>985.9431830516559</ele>
        <time>2026-01-02T08:11:44.961Z</time>
      </trkpt>
      <trkpt lat="46.44179999360037" lon="11.021267499187587">
        <ele>988.2001531843104</ele>
        <time>2026-01-02T08:11:52.855Z</time>
      </trkpt>
      <trkpt lat="46.44179999360037" lon="11.021267499187587">
        <ele>988.2001531843104</ele>
        <time>2026-01-02T08:11:52.855Z</time>
      </trkpt>
      <trkpt lat="46.44174031762836" lon="11.021522710576846">
        <ele>993.1488704141979</ele>
        <time>2026-01-02T08:12:07.795Z</time>
      </trkpt>
      <trkpt lat="46.44174031762836" lon="11.021522710576846">
        <ele>993.1488704141979</ele>
        <time>2026-01-02T08:12:07.795Z</time>
      </trkpt>
      <trkpt lat="46.441671522964214" lon="11.02181946675276">
        <ele>998.1696903173194</ele>
        <time>2026-01-02T08:12:25.190Z</time>
      </trkpt>
      <trkpt lat="46.441671522964214" lon="11.02181946675276">
        <ele>998.1696903173194</ele>
        <time>2026-01-02T08:12:25.190Z</time>
      </trkpt>
      <trkpt lat="46.44158059675922" lon="11.02200307501522">
        <ele>997.9261245218802</ele>
        <time>2026-01-02T08:12:37.174Z</time>
      </trkpt>
      <trkpt lat="46.44158059675922" lon="11.02200307501522">
        <ele>997.9261245218802</ele>
        <time>2026-01-02T08:12:37.174Z</time>
      </trkpt>
      <trkpt lat="46.44152253057939" lon="11.022206109920916">
        <ele>998.4560458036996</ele>
        <time>2026-01-02T08:12:50.622Z</time>
      </trkpt>
      <trkpt lat="46.44152253057939" lon="11.022206109920916">
        <ele>998.4560458036996</ele>
        <time>2026-01-02T08:12:50.622Z</time>
      </trkpt>
      <trkpt lat="46.44152149780953" lon="11.022406940299135">
        <ele>999.5970610444899</ele>
        <time>2026-01-02T08:13:02.937Z</time>
      </trkpt>
      <trkpt lat="46.44152149780953" lon="11.022406940299135">
        <ele>999.5970610444899</ele>
        <time>2026-01-02T08:13:02.937Z</time>
      </trkpt>
      <trkpt lat="46.44157726852322" lon="11.022527340155818">
        <ele>1002.1460216952024</ele>
        <time>2026-01-02T08:13:11.833Z</time>
      </trkpt>
      <trkpt lat="46.441646463969846" lon="11.022661726653126">
        <ele>1006.0554894695999</ele>
        <time>2026-01-02T08:13:22.120Z</time>
      </trkpt>
      <trkpt lat="46.441646463969846" lon="11.022661726653126">
        <ele>1006.0554894695999</ele>
        <time>2026-01-02T08:13:22.120Z</time>
      </trkpt>
      <trkpt lat="46.441646463969846" lon="11.022661726653126">
        <ele>1006.0554894695999</ele>
        <time>2026-01-02T08:13:22.120Z</time>
      </trkpt>
      <trkpt lat="46.44166881587071" lon="11.022947073101562">
        <ele>1010.9623424730389</ele>
        <time>2026-01-02T08:13:39.732Z</time>
      </trkpt>
      <trkpt lat="46.44166881587071" lon="11.022947073101562">
        <ele>1010.9623424730389</ele>
        <time>2026-01-02T08:13:39.732Z</time>
      </trkpt>
      <trkpt lat="46.44167683233576" lon="11.023146412352872">
        <ele>1015.0558465456131</ele>
        <time>2026-01-02T08:13:51.978Z</time>
      </trkpt>
      <trkpt lat="46.441687854684545" lon="11.023197930020292">
        <ele>1016.9253721487904</ele>
        <time>2026-01-02T08:13:55.286Z</time>
      </trkpt>
      <trkpt lat="46.441687854684545" lon="11.023197930020292">
        <ele>1009.0628904979676</ele>
        <time>2026-01-02T08:13:55.286Z</time>
      </trkpt>
      <trkpt lat="46.441687854684545" lon="11.023197930020292">
        <ele>1016.9253721487904</ele>
        <time>2026-01-02T08:13:55.286Z</time>
      </trkpt>
      <trkpt lat="46.44171979845717" lon="11.02327811184901">
        <ele>1020.3593833972868</ele>
        <time>2026-01-02T08:14:04.566Z</time>
      </trkpt>
      <trkpt lat="46.44171979845717" lon="11.02327811184901">
        <ele>1020.3593833972868</ele>
        <time>2026-01-02T08:14:04.566Z</time>
      </trkpt>
      <trkpt lat="46.44167022242473" lon="11.02344028060648">
        <ele>1022.8439207059802</ele>
        <time>2026-01-02T08:14:17.507Z</time>
      </trkpt>
      <trkpt lat="46.44167022242473" lon="11.02344028060648">
        <ele>1022.8439207059802</ele>
        <time>2026-01-02T08:14:17.507Z</time>
      </trkpt>
      <trkpt lat="46.44155530517739" lon="11.02360841618335">
        <ele>1023.2108216502896</ele>
        <time>2026-01-02T08:14:34.696Z</time>
      </trkpt>
      <trkpt lat="46.44155530517739" lon="11.02360841618335">
        <ele>1023.2108216502896</ele>
        <time>2026-01-02T08:14:34.696Z</time>
      </trkpt>
      <trkpt lat="46.44136431458904" lon="11.023699230469362">
        <ele>1019.6619057268192</ele>
        <time>2026-01-02T08:14:50.144Z</time>
      </trkpt>
      <trkpt lat="46.44136431458904" lon="11.023699230469362">
        <ele>1019.6619057268192</ele>
        <time>2026-01-02T08:14:50.144Z</time>
      </trkpt>
      <trkpt lat="46.44126755826619" lon="11.023711306447382">
        <ele>1017.2955032180035</ele>
        <time>2026-01-02T08:14:57.614Z</time>
      </trkpt>
      <trkpt lat="46.44126755826619" lon="11.023711306447382">
        <ele>1017.2955032180035</ele>
        <time>2026-01-02T08:14:57.614Z</time>
      </trkpt>
      <trkpt lat="46.4411760937611" lon="11.023832514173023">
        <ele>1015.8818366665324</ele>
        <time>2026-01-02T08:15:07.142Z</time>
      </trkpt>
      <trkpt lat="46.44093160200715" lon="11.024380159005826">
        <ele>1013.4175663164835</ele>
        <time>2026-01-02T08:15:41.733Z</time>
      </trkpt>
      <trkpt lat="46.4408476493957" lon="11.024568207122423">
        <ele>1013.6011045646931</ele>
        <time>2026-01-02T08:15:54.688Z</time>
      </trkpt>
      <trkpt lat="46.4408476493957" lon="11.024568207122423">
        <ele>1013.8933196470152</ele>
        <time>2026-01-02T08:15:54.688Z</time>
      </trkpt>
      <trkpt lat="46.440697620863745" lon="11.024954518493416">
        <ele>1014.4676503643473</ele>
        <time>2026-01-02T08:16:18.156Z</time>
      </trkpt>
      <trkpt lat="46.440697620863745" lon="11.024954518493416">
        <ele>1014.4676503643473</ele>
        <time>2026-01-02T08:16:18.156Z</time>
      </trkpt>
      <trkpt lat="46.44047208071322" lon="11.025519026348737">
        <ele>1012.0284729241398</ele>
        <time>2026-01-02T08:16:52.690Z</time>
      </trkpt>
      <trkpt lat="46.44037655077179" lon="11.02575812968459">
        <ele>1013.9678292875201</ele>
        <time>2026-01-02T08:17:07.318Z</time>
      </trkpt>
      <trkpt lat="46.44037655077179" lon="11.02575812968459">
        <ele>1013.9678292875201</ele>
        <time>2026-01-02T08:17:07.318Z</time>
      </trkpt>
      <trkpt lat="46.44008761461788" lon="11.026119544313303">
        <ele>1014.8116439069163</ele>
        <time>2026-01-02T08:17:36.724Z</time>
      </trkpt>
      <trkpt lat="46.44008761461788" lon="11.026119544313303">
        <ele>1014.8116439069163</ele>
        <time>2026-01-02T08:17:36.724Z</time>
      </trkpt>
      <trkpt lat="46.43991216780748" lon="11.02643792056179">
        <ele>1018.2528185214318</ele>
        <time>2026-01-02T08:17:58.032Z</time>
      </trkpt>
      <trkpt lat="46.43991216780748" lon="11.02643792056179">
        <ele>1018.2528185214318</ele>
        <time>2026-01-02T08:17:58.032Z</time>
      </trkpt>
      <trkpt lat="46.43976263848222" lon="11.026583027749638">
        <ele>1017.0019460835034</ele>
        <time>2026-01-02T08:18:11.680Z</time>
      </trkpt>
      <trkpt lat="46.43976263848222" lon="11.026583027749638">
        <ele>1017.0019460835034</ele>
        <time>2026-01-02T08:18:11.680Z</time>
      </trkpt>
      <trkpt lat="46.439662527228194" lon="11.02664208228802">
        <ele>1015.1246160175655</ele>
        <time>2026-01-02T08:18:19.396Z</time>
      </trkpt>
      <trkpt lat="46.439662527228194" lon="11.02664208228802">
        <ele>1015.1246160175655</ele>
        <time>2026-01-02T08:18:19.396Z</time>
      </trkpt>
      <trkpt lat="46.439432546693524" lon="11.026691972037355">
        <ele>1008.9401656188521</ele>
        <time>2026-01-02T08:18:36.039Z</time>
      </trkpt>
      <trkpt lat="46.439432546693524" lon="11.026691972037355">
        <ele>1008.9401656188521</ele>
        <time>2026-01-02T08:18:36.039Z</time>
      </trkpt>
      <trkpt lat="46.43929580830684" lon="11.026852600741847">
        <ele>1007.6955479399713</ele>
        <time>2026-01-02T08:18:48.630Z</time>
      </trkpt>
      <trkpt lat="46.43905007022953" lon="11.027395561268944">
        <ele>1007.8631716153657</ele>
        <time>2026-01-02T08:19:21.500Z</time>
      </trkpt>
      <trkpt lat="46.43905007022953" lon="11.027395561268944">
        <ele>1007.859777045694</ele>
        <time>2026-01-02T08:19:21.500Z</time>
      </trkpt>
      <trkpt lat="46.43885384889694" lon="11.027868341228128">
        <ele>1014.4204219866422</ele>
        <time>2026-01-02T08:19:49.488Z</time>
      </trkpt>
      <trkpt lat="46.43885384889694" lon="11.027868341228128">
        <ele>1014.4204219866422</ele>
        <time>2026-01-02T08:19:49.488Z</time>
      </trkpt>
      <trkpt lat="46.43879698073192" lon="11.027960567633642">
        <ele>1015.3844658510628</ele>
        <time>2026-01-02T08:19:56.386Z</time>
      </trkpt>
      <trkpt lat="46.43879698073192" lon="11.027960567633642">
        <ele>1015.3844658510628</ele>
        <time>2026-01-02T08:19:56.386Z</time>
      </trkpt>
      <trkpt lat="46.43843709706468" lon="11.028280797915869">
        <ele>1013.0505438092453</ele>
        <time>2026-01-02T08:20:30.543Z</time>
      </trkpt>
      <trkpt lat="46.43843709706468" lon="11.028280797915869">
        <ele>1013.0505438092453</ele>
        <time>2026-01-02T08:20:30.543Z</time>
      </trkpt>
      <trkpt lat="46.43840209802059" lon="11.02841898582318">
        <ele>1012.8620286687756</ele>
        <time>2026-01-02T08:20:39.041Z</time>
      </trkpt>
      <trkpt lat="46.43840209802059" lon="11.02841898582318">
        <ele>1012.8620286687756</ele>
        <time>2026-01-02T08:20:39.041Z</time>
      </trkpt>
      <trkpt lat="46.4384110512664" lon="11.028568984662883">
        <ele>1013.6498774915084</ele>
        <time>2026-01-02T08:20:47.758Z</time>
      </trkpt>
      <trkpt lat="46.4384110512664" lon="11.028568984662883">
        <ele>1013.6498774915084</ele>
        <time>2026-01-02T08:20:47.758Z</time>
      </trkpt>
      <trkpt lat="46.438356314161126" lon="11.02858879200221">
        <ele>1012.283905834053</ele>
        <time>2026-01-02T08:20:52.886Z</time>
      </trkpt>
      <trkpt lat="46.438356314161126" lon="11.02858879200221">
        <ele>1012.283905834053</ele>
        <time>2026-01-02T08:20:52.886Z</time>
      </trkpt>
      <trkpt lat="46.43836368846917" lon="11.02863555856689">
        <ele>1012.5923576589682</ele>
        <time>2026-01-02T08:20:55.106Z</time>
      </trkpt>
      <trkpt lat="46.43836368846917" lon="11.02863555856689">
        <ele>1012.5923576589682</ele>
        <time>2026-01-02T08:20:55.106Z</time>
      </trkpt>
      <trkpt lat="46.43833774182659" lon="11.028642296122541">
        <ele>1011.906190892403</ele>
        <time>2026-01-02T08:20:56.876Z</time>
      </trkpt>
      <trkpt lat="46.43833774182659" lon="11.028642296122541">
        <ele>1011.906190892403</ele>
        <time>2026-01-02T08:20:56.876Z</time>
      </trkpt>
      <trkpt lat="46.43841076950442" lon="11.029286133531084">
        <ele>1014.8140650355163</ele>
        <time>2026-01-02T08:21:27.083Z</time>
      </trkpt>
      <trkpt lat="46.438413722902" lon="11.029312171711382">
        <ele>1014.909252029889</ele>
        <time>2026-01-02T08:21:28.575Z</time>
      </trkpt>
      <trkpt lat="46.438413722902" lon="11.029312171711382">
        <ele>1014.909252029889</ele>
        <time>2026-01-02T08:21:28.575Z</time>
      </trkpt>
      <trkpt lat="46.438477781493475" lon="11.029633407640404">
        <ele>1016.8236864655205</ele>
        <time>2026-01-02T08:21:48.274Z</time>
      </trkpt>
      <trkpt lat="46.438477781493475" lon="11.029633407640404">
        <ele>1016.8236864655205</ele>
        <time>2026-01-02T08:21:48.274Z</time>
      </trkpt>
      <trkpt lat="46.438507005530454" lon="11.029723770154789">
        <ele>1017.4502784596714</ele>
        <time>2026-01-02T08:21:54.154Z</time>
      </trkpt>
      <trkpt lat="46.438507005530454" lon="11.029723770154789">
        <ele>1017.4502784596714</ele>
        <time>2026-01-02T08:21:54.154Z</time>
      </trkpt>
      <trkpt lat="46.43856190359614" lon="11.029807791897554">
        <ele>1018.4813145072322</ele>
        <time>2026-01-02T08:22:00.976Z</time>
      </trkpt>
      <trkpt lat="46.43856190359614" lon="11.029807791897554">
        <ele>1018.4813145072322</ele>
        <time>2026-01-02T08:22:00.976Z</time>
      </trkpt>
      <trkpt lat="46.438717309324005" lon="11.02998851683671">
        <ele>1021.2093738306139</ele>
        <time>2026-01-02T08:22:14.255Z</time>
      </trkpt>
      <trkpt lat="46.438717309324005" lon="11.02998851683671">
        <ele>1021.2093738306139</ele>
        <time>2026-01-02T08:22:14.255Z</time>
      </trkpt>
      <trkpt lat="46.43879264890728" lon="11.030147992834372">
        <ele>1021.5992059877465</ele>
        <time>2026-01-02T08:22:23.165Z</time>
      </trkpt>
      <trkpt lat="46.43879264890728" lon="11.030147992834372">
        <ele>1021.5992059877465</ele>
        <time>2026-01-02T08:22:23.165Z</time>
      </trkpt>
      <trkpt lat="46.43886043785923" lon="11.030292302727702">
        <ele>1021.4905470042498</ele>
        <time>2026-01-02T08:22:32.841Z</time>
      </trkpt>
      <trkpt lat="46.43886043785923" lon="11.030292302727702">
        <ele>1021.4905470042498</ele>
        <time>2026-01-02T08:22:32.841Z</time>
      </trkpt>
      <trkpt lat="46.43898353635464" lon="11.030437301206405">
        <ele>1021.9656691070431</ele>
        <time>2026-01-02T08:22:45.588Z</time>
      </trkpt>
      <trkpt lat="46.43898353635464" lon="11.030437301206405">
        <ele>1021.9656691070431</ele>
        <time>2026-01-02T08:22:45.588Z</time>
      </trkpt>
      <trkpt lat="46.4392099842984" lon="11.03069903782935">
        <ele>1023.9554857153216</ele>
        <time>2026-01-02T08:23:08.864Z</time>
      </trkpt>
      <trkpt lat="46.4392099842984" lon="11.03069903782935">
        <ele>1023.9554857153216</ele>
        <time>2026-01-02T08:23:08.864Z</time>
      </trkpt>
      <trkpt lat="46.43941098084338" lon="11.030939625037774">
        <ele>1024.6609323765665</ele>
        <time>2026-01-02T08:23:30.808Z</time>
      </trkpt>
      <trkpt lat="46.43941098084338" lon="11.030939625037774">
        <ele>1024.6609323765665</ele>
        <time>2026-01-02T08:23:30.808Z</time>
      </trkpt>
      <trkpt lat="46.43954909344194" lon="11.031377123338928">
        <ele>1022.9573386495988</ele>
        <time>2026-01-02T08:24:06.320Z</time>
      </trkpt>
      <trkpt lat="46.43954909344194" lon="11.031377123338928">
        <ele>1022.9573386495988</ele>
        <time>2026-01-02T08:24:06.320Z</time>
      </trkpt>
      <trkpt lat="46.43962054496481" lon="11.031749687499456">
        <ele>1023.1711982772688</ele>
        <time>2026-01-02T08:24:34.857Z</time>
      </trkpt>
      <trkpt lat="46.43962054496481" lon="11.031749687499456">
        <ele>1023.1711982772688</ele>
        <time>2026-01-02T08:24:34.857Z</time>
      </trkpt>
      <trkpt lat="46.439643579569285" lon="11.032306777595046">
        <ele>1022.5266635786518</ele>
        <time>2026-01-02T08:25:15.967Z</time>
      </trkpt>
      <trkpt lat="46.439643579569285" lon="11.032306777595046">
        <ele>1023.5549821857503</ele>
        <time>2026-01-02T08:25:15.967Z</time>
      </trkpt>
      <trkpt lat="46.43963144516178" lon="11.032457914202723">
        <ele>1021.1165305474644</ele>
        <time>2026-01-02T08:25:27.145Z</time>
      </trkpt>
      <trkpt lat="46.43963144516178" lon="11.032457914202723">
        <ele>1021.1165305474644</ele>
        <time>2026-01-02T08:25:27.145Z</time>
      </trkpt>
      <trkpt lat="46.439635078286614" lon="11.032565114267868">
        <ele>1019.6735184746337</ele>
        <time>2026-01-02T08:25:35.029Z</time>
      </trkpt>
      <trkpt lat="46.4396647896165" lon="11.032642259302833">
        <ele>1019.7646738791357</ele>
        <time>2026-01-02T08:25:41.521Z</time>
      </trkpt>
      <trkpt lat="46.4396647896165" lon="11.032642259302833">
        <ele>1019.7646738791357</ele>
        <time>2026-01-02T08:25:41.521Z</time>
      </trkpt>
      <trkpt lat="46.4396647896165" lon="11.032642259302833">
        <ele>1019.7646738791357</ele>
        <time>2026-01-02T08:25:44.958Z</time>
      </trkpt>
      <trkpt lat="46.43967341831717" lon="11.032823123521439">
        <ele>1018.2722588769727</ele>
        <time>2026-01-02T08:25:58.355Z</time>
      </trkpt>
      <trkpt lat="46.43967341831717" lon="11.032823123521439">
        <ele>1018.2722588769727</ele>
        <time>2026-01-02T08:25:58.355Z</time>
      </trkpt>
      <trkpt lat="46.43967625368728" lon="11.03296931123461">
        <ele>1017.6237540535022</ele>
        <time>2026-01-02T08:26:07.404Z</time>
      </trkpt>
      <trkpt lat="46.43967625368728" lon="11.03296931123461">
        <ele>1017.6237540535022</ele>
        <time>2026-01-02T08:26:07.404Z</time>
      </trkpt>
      <trkpt lat="46.43965324390845" lon="11.033060694896648">
        <ele>1017.3084410687645</ele>
        <time>2026-01-02T08:26:13.426Z</time>
      </trkpt>
      <trkpt lat="46.43965324390845" lon="11.033060694896648">
        <ele>1017.3084410687645</ele>
        <time>2026-01-02T08:26:13.426Z</time>
      </trkpt>
      <trkpt lat="46.43959632494085" lon="11.033206557280408">
        <ele>1017.0661837479474</ele>
        <time>2026-01-02T08:26:23.801Z</time>
      </trkpt>
      <trkpt lat="46.439554854357915" lon="11.033274321295824">
        <ele>1017.0278115764406</ele>
        <time>2026-01-02T08:26:29.443Z</time>
      </trkpt>
      <trkpt lat="46.439554854357915" lon="11.033274321295824">
        <ele>1017.0384870945484</ele>
        <time>2026-01-02T08:26:29.443Z</time>
      </trkpt>
      <trkpt lat="46.43948854205155" lon="11.033348904907513">
        <ele>1016.8324767838536</ele>
        <time>2026-01-02T08:26:37.389Z</time>
      </trkpt>
      <trkpt lat="46.43948854205155" lon="11.033348904907513">
        <ele>1016.8324767838536</ele>
        <time>2026-01-02T08:26:37.389Z</time>
      </trkpt>
      <trkpt lat="46.43944948560707" lon="11.033395777797267">
        <ele>1016.6507515277295</ele>
        <time>2026-01-02T08:26:42.226Z</time>
      </trkpt>
      <trkpt lat="46.43944948560707" lon="11.033395777797267">
        <ele>1016.6507515277295</ele>
        <time>2026-01-02T08:26:42.226Z</time>
      </trkpt>
      <trkpt lat="46.43944623458566" lon="11.033459465891355">
        <ele>1016.7921446365804</ele>
        <time>2026-01-02T08:26:46.429Z</time>
      </trkpt>
      <trkpt lat="46.43944623458566" lon="11.033459465891355">
        <ele>1016.7921446365804</ele>
        <time>2026-01-02T08:26:46.429Z</time>
      </trkpt>
      <trkpt lat="46.439449891984594" lon="11.033395777797267">
        <ele>1016.6565076097816</ele>
        <time>2026-01-02T08:26:50.646Z</time>
      </trkpt>
      <trkpt lat="46.439449891984594" lon="11.033395777797267">
        <ele>1016.6565076097816</ele>
        <time>2026-01-02T08:26:50.646Z</time>
      </trkpt>
      <trkpt lat="46.439488091472185" lon="11.033349191136296">
        <ele>1016.8299891668744</ele>
        <time>2026-01-02T08:26:54.970Z</time>
      </trkpt>
      <trkpt lat="46.439488091472185" lon="11.033349191136296">
        <ele>1016.8299891668744</ele>
        <time>2026-01-02T08:26:54.970Z</time>
      </trkpt>
      <trkpt lat="46.43955484088565" lon="11.033274275289216">
        <ele>1017.0381588014782</ele>
        <time>2026-01-02T08:27:02.283Z</time>
      </trkpt>
      <trkpt lat="46.43955484088565" lon="11.033274275289216">
        <ele>1017.0381588014782</ele>
        <time>2026-01-02T08:27:02.283Z</time>
      </trkpt>
      <trkpt lat="46.43959628011186" lon="11.033206387973252">
        <ele>1017.0651091980906</ele>
        <time>2026-01-02T08:27:07.708Z</time>
      </trkpt>
      <trkpt lat="46.43959628011186" lon="11.033206387973252">
        <ele>1017.0651091980906</ele>
        <time>2026-01-02T08:27:07.708Z</time>
      </trkpt>
      <trkpt lat="46.43965350694552" lon="11.033061154561722">
        <ele>1017.3117115752755</ele>
        <time>2026-01-02T08:27:18.404Z</time>
      </trkpt>
      <trkpt lat="46.43965350694552" lon="11.033061154561722">
        <ele>1017.3117115752755</ele>
        <time>2026-01-02T08:27:18.404Z</time>
      </trkpt>
      <trkpt lat="46.43967653497046" lon="11.032969060461966">
        <ele>1017.6284867022435</ele>
        <time>2026-01-02T08:27:24.667Z</time>
      </trkpt>
      <trkpt lat="46.43967653497046" lon="11.032969060461966">
        <ele>1017.6284867022435</ele>
        <time>2026-01-02T08:27:24.667Z</time>
      </trkpt>
      <trkpt lat="46.439690885106074" lon="11.032859215797032">
        <ele>1018.3451185010905</ele>
        <time>2026-01-02T08:27:31.832Z</time>
      </trkpt>
      <trkpt lat="46.439690885106074" lon="11.032859215797032">
        <ele>1018.3451185010905</ele>
        <time>2026-01-02T08:27:31.832Z</time>
      </trkpt>
      <trkpt lat="46.43969943769031" lon="11.032860344062527">
        <ele>1018.5224671295914</ele>
        <time>2026-01-02T08:27:32.636Z</time>
      </trkpt>
      <trkpt lat="46.43969943769031" lon="11.032860344062527">
        <ele>1018.5224671295914</ele>
        <time>2026-01-02T08:27:32.636Z</time>
      </trkpt>
      <trkpt lat="46.439750597665295" lon="11.032734880945696">
        <ele>1021.1473240580472</ele>
        <time>2026-01-02T08:27:40.961Z</time>
      </trkpt>
      <trkpt lat="46.439750597665295" lon="11.032734880945696">
        <ele>1021.1473240580472</ele>
        <time>2026-01-02T08:27:40.961Z</time>
      </trkpt>
      <trkpt lat="46.439884625541595" lon="11.032732042912698">
        <ele>1024.3773989943215</ele>
        <time>2026-01-02T08:27:52.146Z</time>
      </trkpt>
      <trkpt lat="46.439884625541595" lon="11.032732042912698">
        <ele>1024.3773989943215</ele>
        <time>2026-01-02T08:27:52.146Z</time>
      </trkpt>
      <trkpt lat="46.43991857315129" lon="11.032721196097981">
        <ele>1024.9696431219006</ele>
        <time>2026-01-02T08:27:55.411Z</time>
      </trkpt>
      <trkpt lat="46.43991857315129" lon="11.032721196097981">
        <ele>1024.9696431219006</ele>
        <time>2026-01-02T08:27:55.411Z</time>
      </trkpt>
      <trkpt lat="46.440143298451204" lon="11.03275735166514">
        <ele>1026.2292015767664</ele>
        <time>2026-01-02T08:28:14.632Z</time>
      </trkpt>
      <trkpt lat="46.440143298451204" lon="11.03275735166514">
        <ele>1026.2292015767664</ele>
        <time>2026-01-02T08:28:14.632Z</time>
      </trkpt>
      <trkpt lat="46.440270635587694" lon="11.03259298942001">
        <ele>1027.71110733864</ele>
        <time>2026-01-02T08:28:27.638Z</time>
      </trkpt>
      <trkpt lat="46.440270635587694" lon="11.03259298942001">
        <ele>1027.71110733864</ele>
        <time>2026-01-02T08:28:27.638Z</time>
      </trkpt>
      <trkpt lat="46.44043525239911" lon="11.03264197283346">
        <ele>1026.3079974786385</ele>
        <time>2026-01-02T08:28:40.475Z</time>
      </trkpt>
      <trkpt lat="46.44043525239911" lon="11.03264197283346">
        <ele>1026.3079974786385</ele>
        <time>2026-01-02T08:28:40.475Z</time>
      </trkpt>
      <trkpt lat="46.44061866885437" lon="11.032714023967003">
        <ele>1024.9346387356522</ele>
        <time>2026-01-02T08:28:56.768Z</time>
      </trkpt>
      <trkpt lat="46.44061866885437" lon="11.032714023967003">
        <ele>1024.9346387356522</ele>
        <time>2026-01-02T08:28:56.768Z</time>
      </trkpt>
      <trkpt lat="46.440808594060485" lon="11.032799637519332">
        <ele>1024.2074926139906</ele>
        <time>2026-01-02T08:29:13.823Z</time>
      </trkpt>
      <trkpt lat="46.440808594060485" lon="11.032799637519332">
        <ele>1024.2074926139906</ele>
        <time>2026-01-02T08:29:13.823Z</time>
      </trkpt>
      <trkpt lat="46.44096604719442" lon="11.032812823759912">
        <ele>1025.1707775939249</ele>
        <time>2026-01-02T08:29:27.348Z</time>
      </trkpt>
      <trkpt lat="46.44096604719442" lon="11.032812823759912">
        <ele>1025.1707775939249</ele>
        <time>2026-01-02T08:29:27.348Z</time>
      </trkpt>
      <trkpt lat="46.4413971631453" lon="11.032787327296404">
        <ele>1028.2797816514046</ele>
        <time>2026-01-02T08:30:04.359Z</time>
      </trkpt>
      <trkpt lat="46.4413971631453" lon="11.032787327296404">
        <ele>1028.2797816514046</ele>
        <time>2026-01-02T08:30:04.359Z</time>
      </trkpt>
      <trkpt lat="46.44157629021532" lon="11.032747186216682">
        <ele>1029.4564550408168</ele>
        <time>2026-01-02T08:30:19.224Z</time>
      </trkpt>
      <trkpt lat="46.44157629021532" lon="11.032747186216682">
        <ele>1029.4564550408168</ele>
        <time>2026-01-02T08:30:19.224Z</time>
      </trkpt>
      <trkpt lat="46.44167509415675" lon="11.0326487444718">
        <ele>1031.3113351982797</ele>
        <time>2026-01-02T08:30:28.885Z</time>
      </trkpt>
      <trkpt lat="46.44167509415675" lon="11.0326487444718">
        <ele>1031.3113351982797</ele>
        <time>2026-01-02T08:30:28.885Z</time>
      </trkpt>
      <trkpt lat="46.4420861041922" lon="11.032384064988785">
        <ele>1041.4704075947884</ele>
        <time>2026-01-02T08:31:05.135Z</time>
      </trkpt>
      <trkpt lat="46.44249711422764" lon="11.032119385505768">
        <ele>1052.4827603974543</ele>
        <time>2026-01-02T08:31:41.385Z</time>
      </trkpt>
      <trkpt lat="46.44265827856108" lon="11.032015599980411">
        <ele>1056.8512695625795</ele>
        <time>2026-01-02T08:31:55.614Z</time>
      </trkpt>
      <trkpt lat="46.44265827856108" lon="11.032015599980411">
        <ele>1056.8512695625795</ele>
        <time>2026-01-02T08:31:55.614Z</time>
      </trkpt>
      <trkpt lat="46.443065293291085" lon="11.032034807019784">
        <ele>1056.964486357697</ele>
        <time>2026-01-02T08:32:28.700Z</time>
      </trkpt>
      <trkpt lat="46.443065293291085" lon="11.032034807019784">
        <ele>1056.964486357697</ele>
        <time>2026-01-02T08:32:28.700Z</time>
      </trkpt>
      <trkpt lat="46.44344091307133" lon="11.032230113310305">
        <ele>1061.0919091025307</ele>
        <time>2026-01-02T08:33:01.353Z</time>
      </trkpt>
      <trkpt lat="46.44344091307133" lon="11.032230113310305">
        <ele>1061.0919091025307</ele>
        <time>2026-01-02T08:33:01.353Z</time>
      </trkpt>
      <trkpt lat="46.44349286687168" lon="11.032345142050673">
        <ele>1062.0012841079715</ele>
        <time>2026-01-02T08:33:09.128Z</time>
      </trkpt>
      <trkpt lat="46.44349286687168" lon="11.032345142050673">
        <ele>1062.0012841079715</ele>
        <time>2026-01-02T08:33:09.128Z</time>
      </trkpt>
      <trkpt lat="46.443284000371236" lon="11.03292303081059">
        <ele>1052.2928788544912</ele>
        <time>2026-01-02T08:33:46.021Z</time>
      </trkpt>
      <trkpt lat="46.443075133870785" lon="11.033500919570505">
        <ele>1046.8039254495413</ele>
        <time>2026-01-02T08:34:22.914Z</time>
      </trkpt>
      <trkpt lat="46.44302261661582" lon="11.033646223538739">
        <ele>1045.3300787619746</ele>
        <time>2026-01-02T08:34:32.373Z</time>
      </trkpt>
      <trkpt lat="46.44302261661582" lon="11.033646223538739">
        <ele>1045.3300787619746</ele>
        <time>2026-01-02T08:34:32.373Z</time>
      </trkpt>
      <trkpt lat="46.442921906664736" lon="11.034113874442141">
        <ele>1045.1638109623545</ele>
        <time>2026-01-02T08:34:57.441Z</time>
      </trkpt>
      <trkpt lat="46.442921906664736" lon="11.034113874442141">
        <ele>1045.1638109623545</ele>
        <time>2026-01-02T08:34:57.441Z</time>
      </trkpt>
      <trkpt lat="46.44281067101923" lon="11.034414495771642">
        <ele>1045.299681183366</ele>
        <time>2026-01-02T08:35:15.878Z</time>
      </trkpt>
      <trkpt lat="46.44281067101923" lon="11.034414495771642">
        <ele>1045.299681183366</ele>
        <time>2026-01-02T08:35:15.878Z</time>
      </trkpt>
      <trkpt lat="46.4427640457487" lon="11.034861079544498">
        <ele>1046.1870000516597</ele>
        <time>2026-01-02T08:35:46.397Z</time>
      </trkpt>
      <trkpt lat="46.4427640457487" lon="11.034861079544498">
        <ele>1046.1870000516597</ele>
        <time>2026-01-02T08:35:46.397Z</time>
      </trkpt>
      <trkpt lat="46.442816815516295" lon="11.035001920103781">
        <ele>1047.5526911536933</ele>
        <time>2026-01-02T08:35:57.228Z</time>
      </trkpt>
      <trkpt lat="46.442816815516295" lon="11.035001920103781">
        <ele>1047.5526911536933</ele>
        <time>2026-01-02T08:35:57.228Z</time>
      </trkpt>
      <trkpt lat="46.443028260858114" lon="11.034999377122688">
        <ele>1054.700508212089</ele>
        <time>2026-01-02T08:36:17.961Z</time>
      </trkpt>
      <trkpt lat="46.443028260858114" lon="11.034999377122688">
        <ele>1054.700508212089</ele>
        <time>2026-01-02T08:36:17.961Z</time>
      </trkpt>
      <trkpt lat="46.44328554396742" lon="11.03496593517184">
        <ele>1060.4498915637869</ele>
        <time>2026-01-02T08:36:43.277Z</time>
      </trkpt>
      <trkpt lat="46.44328554396742" lon="11.03496593517184">
        <ele>1060.4498915637869</ele>
        <time>2026-01-02T08:36:43.277Z</time>
      </trkpt>
      <trkpt lat="46.44355159640196" lon="11.034999294570923">
        <ele>1064.7333578889725</ele>
        <time>2026-01-02T08:37:09.371Z</time>
      </trkpt>
      <trkpt lat="46.44355159640196" lon="11.034999294570923">
        <ele>1064.7333578889725</ele>
        <time>2026-01-02T08:37:09.371Z</time>
      </trkpt>
      <trkpt lat="46.44378514960593" lon="11.034891641527082">
        <ele>1069.802600801985</ele>
        <time>2026-01-02T08:37:33.315Z</time>
      </trkpt>
      <trkpt lat="46.44378514960593" lon="11.034891641527082">
        <ele>1069.802600801985</ele>
        <time>2026-01-02T08:37:33.315Z</time>
      </trkpt>
      <trkpt lat="46.44406133892761" lon="11.034890085337565">
        <ele>1076.0311241242111</ele>
        <time>2026-01-02T08:38:00.275Z</time>
      </trkpt>
      <trkpt lat="46.44406133892761" lon="11.034890085337565">
        <ele>1076.0311241242111</ele>
        <time>2026-01-02T08:38:00.275Z</time>
      </trkpt>
      <trkpt lat="46.44435507253553" lon="11.034790571582903">
        <ele>1084.1992106836458</ele>
        <time>2026-01-02T08:38:31.089Z</time>
      </trkpt>
      <trkpt lat="46.44435507253553" lon="11.034790571582903">
        <ele>1084.1992106836458</ele>
        <time>2026-01-02T08:38:31.089Z</time>
      </trkpt>
      <trkpt lat="46.44452095321739" lon="11.034689699994942">
        <ele>1090.2706829703307</ele>
        <time>2026-01-02T08:38:48.738Z</time>
      </trkpt>
      <trkpt lat="46.44452095321739" lon="11.034689699994942">
        <ele>1090.2706829703307</ele>
        <time>2026-01-02T08:38:48.738Z</time>
      </trkpt>
      <trkpt lat="46.44455065864443" lon="11.034500863670246">
        <ele>1095.6945980685186</ele>
        <time>2026-01-02T08:39:02.951Z</time>
      </trkpt>
      <trkpt lat="46.44455065864443" lon="11.034500863670246">
        <ele>1095.6945980685186</ele>
        <time>2026-01-02T08:39:02.951Z</time>
      </trkpt>
      <trkpt lat="46.44460906718331" lon="11.034408468686365">
        <ele>1099.342002631329</ele>
        <time>2026-01-02T08:39:11.756Z</time>
      </trkpt>
      <trkpt lat="46.44460906718331" lon="11.034408468686365">
        <ele>1099.342002631329</ele>
        <time>2026-01-02T08:39:11.756Z</time>
      </trkpt>
      <trkpt lat="46.444924472155805" lon="11.03449832188491">
        <ele>1106.1406327927027</ele>
        <time>2026-01-02T08:39:44.513Z</time>
      </trkpt>
      <trkpt lat="46.444924472155805" lon="11.03449832188491">
        <ele>1106.1406327927027</ele>
        <time>2026-01-02T08:39:44.513Z</time>
      </trkpt>
      <trkpt lat="46.44514074591882" lon="11.034424112091955">
        <ele>1111.1394664745317</ele>
        <time>2026-01-02T08:40:07.144Z</time>
      </trkpt>
      <trkpt lat="46.44514074591882" lon="11.034424112091955">
        <ele>1111.1394664745317</ele>
        <time>2026-01-02T08:40:07.144Z</time>
      </trkpt>
      <trkpt lat="46.44530813734531" lon="11.034317955872666">
        <ele>1114.7714163895848</ele>
        <time>2026-01-02T08:40:25.740Z</time>
      </trkpt>
      <trkpt lat="46.44530813734531" lon="11.034317955872666">
        <ele>1114.7714163895848</ele>
        <time>2026-01-02T08:40:25.740Z</time>
      </trkpt>
      <trkpt lat="46.44556547146996" lon="11.034318467868673">
        <ele>1116.2446971204301</ele>
        <time>2026-01-02T08:40:50.318Z</time>
      </trkpt>
      <trkpt lat="46.44556547146996" lon="11.034318467868673">
        <ele>1116.2446971204301</ele>
        <time>2026-01-02T08:40:50.318Z</time>
      </trkpt>
      <trkpt lat="46.44566768446768" lon="11.034283713792007">
        <ele>1117.3339220308267</ele>
        <time>2026-01-02T08:41:00.344Z</time>
      </trkpt>
      <trkpt lat="46.44566768446768" lon="11.034283713792007">
        <ele>1117.3339220308267</ele>
        <time>2026-01-02T08:41:00.344Z</time>
      </trkpt>
      <trkpt lat="46.44576315874801" lon="11.034170683430347">
        <ele>1120.1678225194973</ele>
        <time>2026-01-02T08:41:11.905Z</time>
      </trkpt>
      <trkpt lat="46.44576315874801" lon="11.034170683430347">
        <ele>1120.1678225194973</ele>
        <time>2026-01-02T08:41:11.905Z</time>
      </trkpt>
      <trkpt lat="46.445845707335366" lon="11.034011890448085">
        <ele>1124.6454843497756</ele>
        <time>2026-01-02T08:41:24.766Z</time>
      </trkpt>
      <trkpt lat="46.44592163661821" lon="11.033849987310958">
        <ele>1129.3983881289148</ele>
        <time>2026-01-02T08:41:37.429Z</time>
      </trkpt>
      <trkpt lat="46.44592163661821" lon="11.033849987310958">
        <ele>1129.3983881289148</ele>
        <time>2026-01-02T08:41:37.429Z</time>
      </trkpt>
      <trkpt lat="46.44592163661821" lon="11.033849987310958">
        <ele>1129.3983881289148</ele>
        <time>2026-01-02T08:41:37.429Z</time>
      </trkpt>
      <trkpt lat="46.445985884390666" lon="11.033813537913261">
        <ele>1130.323370285114</ele>
        <time>2026-01-02T08:41:43.904Z</time>
      </trkpt>
      <trkpt lat="46.445985884390666" lon="11.033813537913261">
        <ele>1130.323370285114</ele>
        <time>2026-01-02T08:41:43.904Z</time>
      </trkpt>
      <trkpt lat="46.446057140921965" lon="11.033819471536333">
        <ele>1130.1714180961262</ele>
        <time>2026-01-02T08:41:50.603Z</time>
      </trkpt>
      <trkpt lat="46.44616139885687" lon="11.033865963023464">
        <ele>1128.1016011696483</ele>
        <time>2026-01-02T08:42:00.841Z</time>
      </trkpt>
      <trkpt lat="46.44616139885687" lon="11.033865963023464">
        <ele>1128.8446327120687</ele>
        <time>2026-01-02T08:42:00.841Z</time>
      </trkpt>
      <trkpt lat="46.44629112378345" lon="11.033954675039269">
        <ele>1124.8409262207954</ele>
        <time>2026-01-02T08:42:14.303Z</time>
      </trkpt>
      <trkpt lat="46.44629112378345" lon="11.033954675039269">
        <ele>1124.8409262207954</ele>
        <time>2026-01-02T08:42:14.303Z</time>
      </trkpt>
      <trkpt lat="46.44640917453165" lon="11.033996758594725">
        <ele>1122.4939060751735</ele>
        <time>2026-01-02T08:42:25.716Z</time>
      </trkpt>
      <trkpt lat="46.44640917453165" lon="11.033996758594725">
        <ele>1122.4939060751735</ele>
        <time>2026-01-02T08:42:25.716Z</time>
      </trkpt>
      <trkpt lat="46.44658264179017" lon="11.034034055652455">
        <ele>1120.5135293732305</ele>
        <time>2026-01-02T08:42:41.657Z</time>
      </trkpt>
      <trkpt lat="46.44658264179017" lon="11.034034055652455">
        <ele>1120.5135293732305</ele>
        <time>2026-01-02T08:42:41.657Z</time>
      </trkpt>
      <trkpt lat="46.44676606281004" lon="11.034032350753392">
        <ele>1121.0514264387202</ele>
        <time>2026-01-02T08:42:58.333Z</time>
      </trkpt>
      <trkpt lat="46.44676606281004" lon="11.034032350753392">
        <ele>1121.0514264387202</ele>
        <time>2026-01-02T08:42:58.333Z</time>
      </trkpt>
      <trkpt lat="46.44693654684005" lon="11.033974740394086">
        <ele>1124.0470524384184</ele>
        <time>2026-01-02T08:43:14.254Z</time>
      </trkpt>
      <trkpt lat="46.44693654684005" lon="11.033974740394086">
        <ele>1124.0470524384184</ele>
        <time>2026-01-02T08:43:14.254Z</time>
      </trkpt>
      <trkpt lat="46.44713732228462" lon="11.033922211272454">
        <ele>1127.799547185151</ele>
        <time>2026-01-02T08:43:33.141Z</time>
      </trkpt>
      <trkpt lat="46.44713732228462" lon="11.033922211272454">
        <ele>1127.799547185151</ele>
        <time>2026-01-02T08:43:33.141Z</time>
      </trkpt>
      <trkpt lat="46.44730862241329" lon="11.033859434963745">
        <ele>1131.8511441782352</ele>
        <time>2026-01-02T08:43:50.615Z</time>
      </trkpt>
      <trkpt lat="46.44730862241329" lon="11.033859434963745">
        <ele>1131.8511441782352</ele>
        <time>2026-01-02T08:43:50.615Z</time>
      </trkpt>
      <trkpt lat="46.44737462071609" lon="11.033834005151306">
        <ele>1132.907330562035</ele>
        <time>2026-01-02T08:43:56.998Z</time>
      </trkpt>
      <trkpt lat="46.44737462071609" lon="11.033834005151306">
        <ele>1132.907330562035</ele>
        <time>2026-01-02T08:43:56.998Z</time>
      </trkpt>
      <trkpt lat="46.44762036153307" lon="11.033795860519064">
        <ele>1133.742954534084</ele>
        <time>2026-01-02T08:44:20.102Z</time>
      </trkpt>
      <trkpt lat="46.44762036153307" lon="11.033795860519064">
        <ele>1133.742954534084</ele>
        <time>2026-01-02T08:44:20.102Z</time>
      </trkpt>
      <trkpt lat="46.44777570171141" lon="11.033740206455093">
        <ele>1135.3083063805482</ele>
        <time>2026-01-02T08:44:35.060Z</time>
      </trkpt>
      <trkpt lat="46.44787723896657" lon="11.033722003289638">
        <ele>1135.810278213491</ele>
        <time>2026-01-02T08:44:44.624Z</time>
      </trkpt>
      <trkpt lat="46.44787723896657" lon="11.033722003289638">
        <ele>1110.9931841418147</ele>
        <time>2026-01-02T08:44:44.624Z</time>
      </trkpt>
      <trkpt lat="46.44787723896657" lon="11.033722003289638">
        <ele>1135.810278213491</ele>
        <time>2026-01-02T08:44:44.624Z</time>
      </trkpt>
      <trkpt lat="46.44798410868509" lon="11.033706300999256">
        <ele>1136.6599846324425</ele>
        <time>2026-01-02T08:44:54.121Z</time>
      </trkpt>
      <trkpt lat="46.44798410868509" lon="11.033706300999256">
        <ele>1136.6599846324425</ele>
        <time>2026-01-02T08:44:54.121Z</time>
      </trkpt>
      <trkpt lat="46.44820539384574" lon="11.03369594260289">
        <ele>1137.3029377542998</ele>
        <time>2026-01-02T08:45:18.589Z</time>
      </trkpt>
      <trkpt lat="46.44820539384574" lon="11.03369594260289">
        <ele>1137.3029377542998</ele>
        <time>2026-01-02T08:45:18.589Z</time>
      </trkpt>
      <trkpt lat="46.44842818727457" lon="11.033647091797832">
        <ele>1137.2396506656414</ele>
        <time>2026-01-02T08:45:43.372Z</time>
      </trkpt>
      <trkpt lat="46.44842818727457" lon="11.033647091797832">
        <ele>1137.2396506656414</ele>
        <time>2026-01-02T08:45:43.372Z</time>
      </trkpt>
      <trkpt lat="46.44861208044202" lon="11.033602276742016">
        <ele>1135.8383698511152</ele>
        <time>2026-01-02T08:46:03.033Z</time>
      </trkpt>
      <trkpt lat="46.44861208044202" lon="11.033602276742016">
        <ele>1135.8383698511152</ele>
        <time>2026-01-02T08:46:03.033Z</time>
      </trkpt>
      <trkpt lat="46.44870845385711" lon="11.033603621680044">
        <ele>1134.1717389113824</ele>
        <time>2026-01-02T08:46:12.901Z</time>
      </trkpt>
      <trkpt lat="46.44870845385711" lon="11.033603621680044">
        <ele>1134.1717389113824</ele>
        <time>2026-01-02T08:46:12.901Z</time>
      </trkpt>
      <trkpt lat="46.448746447176035" lon="11.03357403306154">
        <ele>1134.5141507793894</ele>
        <time>2026-01-02T08:46:17.177Z</time>
      </trkpt>
      <trkpt lat="46.448746447176035" lon="11.03357403306154">
        <ele>1134.5141507793894</ele>
        <time>2026-01-02T08:46:17.177Z</time>
      </trkpt>
      <trkpt lat="46.448751080505815" lon="11.033499389049013">
        <ele>1136.886314983201</ele>
        <time>2026-01-02T08:46:22.207Z</time>
      </trkpt>
      <trkpt lat="46.448751080505815" lon="11.033499389049013">
        <ele>1136.886314983201</ele>
        <time>2026-01-02T08:46:22.207Z</time>
      </trkpt>
      <trkpt lat="46.448752470504616" lon="11.03335413583386">
        <ele>1142.2432413816466</ele>
        <time>2026-01-02T08:46:31.327Z</time>
      </trkpt>
      <trkpt lat="46.448752470504616" lon="11.03335413583386">
        <ele>1142.2432413816466</ele>
        <time>2026-01-02T08:46:31.327Z</time>
      </trkpt>
      <trkpt lat="46.44875061717261" lon="11.033237126300577">
        <ele>1146.5586206886458</ele>
        <time>2026-01-02T08:46:38.679Z</time>
      </trkpt>
      <trkpt lat="46.44875061717261" lon="11.033237126300577">
        <ele>1146.5586206886458</ele>
        <time>2026-01-02T08:46:38.679Z</time>
      </trkpt>
      <trkpt lat="46.44850968086067" lon="11.033217625848238">
        <ele>1151.1877393802401</ele>
        <time>2026-01-02T08:47:04.920Z</time>
      </trkpt>
      <trkpt lat="46.44850968086067" lon="11.033217625848238">
        <ele>1151.1877393802401</ele>
        <time>2026-01-02T08:47:04.920Z</time>
      </trkpt>
      <trkpt lat="46.44825599049429" lon="11.033175878964528">
        <ele>1154.946622426101</ele>
        <time>2026-01-02T08:47:32.661Z</time>
      </trkpt>
      <trkpt lat="46.44825599049429" lon="11.033175878964528">
        <ele>1154.946622426101</ele>
        <time>2026-01-02T08:47:32.661Z</time>
      </trkpt>
      <trkpt lat="46.448111905938305" lon="11.03315556462968">
        <ele>1155.2544274845166</ele>
        <time>2026-01-02T08:47:47.228Z</time>
      </trkpt>
      <trkpt lat="46.448111905938305" lon="11.03315556462968">
        <ele>1155.2544274845166</ele>
        <time>2026-01-02T08:47:47.228Z</time>
      </trkpt>
      <trkpt lat="46.44795014610909" lon="11.033098280272384">
        <ele>1155.4435920741646</ele>
        <time>2026-01-02T08:48:03.976Z</time>
      </trkpt>
      <trkpt lat="46.44795014610909" lon="11.033098280272384">
        <ele>1155.4435920741646</ele>
        <time>2026-01-02T08:48:03.976Z</time>
      </trkpt>
      <trkpt lat="46.447792002914554" lon="11.03314946959648">
        <ele>1154.1369635462581</ele>
        <time>2026-01-02T08:48:21.417Z</time>
      </trkpt>
      <trkpt lat="46.447792002914554" lon="11.03314946959648">
        <ele>1154.1369635462581</ele>
        <time>2026-01-02T08:48:21.417Z</time>
      </trkpt>
      <trkpt lat="46.447675910994406" lon="11.033247456516932">
        <ele>1151.7404009412987</ele>
        <time>2026-01-02T08:48:35.873Z</time>
      </trkpt>
      <trkpt lat="46.44759522283056" lon="11.033304814636637">
        <ele>1150.0365516688687</ele>
        <time>2026-01-02T08:48:45.544Z</time>
      </trkpt>
      <trkpt lat="46.44759522283056" lon="11.033304814636637">
        <ele>1150.0365516688687</ele>
        <time>2026-01-02T08:48:45.544Z</time>
      </trkpt>
      <trkpt lat="46.44759522283056" lon="11.033304814636637">
        <ele>1150.0365516688687</ele>
        <time>2026-01-02T08:48:45.544Z</time>
      </trkpt>
      <trkpt lat="46.447514534542705" lon="11.03336456287738">
        <ele>1148.3668798475796</ele>
        <time>2026-01-02T08:48:55.161Z</time>
      </trkpt>
      <trkpt lat="46.447514534542705" lon="11.03336456287738">
        <ele>1148.3668798475796</ele>
        <time>2026-01-02T08:48:55.161Z</time>
      </trkpt>
      <trkpt lat="46.44744866646809" lon="11.033376512485972">
        <ele>1148.0470788898424</ele>
        <time>2026-01-02T08:49:02.186Z</time>
      </trkpt>
      <trkpt lat="46.44744866646809" lon="11.033376512485972">
        <ele>1148.0470788898424</ele>
        <time>2026-01-02T08:49:02.186Z</time>
      </trkpt>
      <trkpt lat="46.44738609172299" lon="11.033351418308428">
        <ele>1148.543094862812</ele>
        <time>2026-01-02T08:49:08.894Z</time>
      </trkpt>
      <trkpt lat="46.44738609172299" lon="11.033351418308428">
        <ele>1148.543094862812</ele>
        <time>2026-01-02T08:49:08.894Z</time>
      </trkpt>
      <trkpt lat="46.44733751391115" lon="11.033313179561986">
        <ele>1149.4327309471541</ele>
        <time>2026-01-02T08:49:14.571Z</time>
      </trkpt>
      <trkpt lat="46.44733751391115" lon="11.033313179561986">
        <ele>1149.4327309471541</ele>
        <time>2026-01-02T08:49:14.571Z</time>
      </trkpt>
      <trkpt lat="46.44727554192491" lon="11.033254562935042">
        <ele>1150.6093007381078</ele>
        <time>2026-01-02T08:49:22.132Z</time>
      </trkpt>
      <trkpt lat="46.44727554192491" lon="11.033254562935042">
        <ele>1150.6093007381078</ele>
        <time>2026-01-02T08:49:22.132Z</time>
      </trkpt>
      <trkpt lat="46.44722696401408" lon="11.033160161029258">
        <ele>1152.154235518398</ele>
        <time>2026-01-02T08:49:30.223Z</time>
      </trkpt>
      <trkpt lat="46.44722696401408" lon="11.033160161029258">
        <ele>1152.154235518398</ele>
        <time>2026-01-02T08:49:30.223Z</time>
      </trkpt>
      <trkpt lat="46.44712733799412" lon="11.032897269644224">
        <ele>1154.2951080449402</ele>
        <time>2026-01-02T08:50:02.915Z</time>
      </trkpt>
      <trkpt lat="46.44712733799412" lon="11.032897269644224">
        <ele>1154.2951080449402</ele>
        <time>2026-01-02T08:50:02.915Z</time>
      </trkpt>
      <trkpt lat="46.447248371234224" lon="11.032794503012184">
        <ele>1156.5822561249147</ele>
        <time>2026-01-02T08:50:25.089Z</time>
      </trkpt>
      <trkpt lat="46.447248371234224" lon="11.032794503012184">
        <ele>1156.5822561249147</ele>
        <time>2026-01-02T08:50:25.089Z</time>
      </trkpt>
      <trkpt lat="46.44750254079497" lon="11.03257599493125">
        <ele>1161.4749962894834</ele>
        <time>2026-01-02T08:51:11.684Z</time>
      </trkpt>
      <trkpt lat="46.44750254079497" lon="11.03257599493125">
        <ele>1161.4749962894834</ele>
        <time>2026-01-02T08:51:11.684Z</time>
      </trkpt>
      <trkpt lat="46.44757644238976" lon="11.032492155645315">
        <ele>1163.2129815096737</ele>
        <time>2026-01-02T08:51:26.287Z</time>
      </trkpt>
      <trkpt lat="46.44757644238976" lon="11.032492155645315">
        <ele>1163.2129815096737</ele>
        <time>2026-01-02T08:51:26.287Z</time>
      </trkpt>
      <trkpt lat="46.44768398476796" lon="11.032387269504085">
        <ele>1165.8239088847881</ele>
        <time>2026-01-02T08:51:41.469Z</time>
      </trkpt>
      <trkpt lat="46.44768398476796" lon="11.032387269504085">
        <ele>1165.8239088847881</ele>
        <time>2026-01-02T08:51:41.469Z</time>
      </trkpt>
      <trkpt lat="46.44772825595891" lon="11.032345088293226">
        <ele>1166.7850326437488</ele>
        <time>2026-01-02T08:51:47.673Z</time>
      </trkpt>
      <trkpt lat="46.44772825595891" lon="11.032345088293226">
        <ele>1166.7850326437488</ele>
        <time>2026-01-02T08:51:47.673Z</time>
      </trkpt>
      <trkpt lat="46.44776763110244" lon="11.032235135830291">
        <ele>1168.5649626293125</ele>
        <time>2026-01-02T08:51:57.663Z</time>
      </trkpt>
      <trkpt lat="46.44776763110244" lon="11.032235135830291">
        <ele>1168.5649626293125</ele>
        <time>2026-01-02T08:51:57.663Z</time>
      </trkpt>
      <trkpt lat="46.44777856195884" lon="11.032162785167998">
        <ele>1169.369144500767</ele>
        <time>2026-01-02T08:52:03.628Z</time>
      </trkpt>
      <trkpt lat="46.44777856195884" lon="11.032162785167998">
        <ele>1169.369144500767</ele>
        <time>2026-01-02T08:52:03.628Z</time>
      </trkpt>
      <trkpt lat="46.447801192363755" lon="11.032079023173708">
        <ele>1170.493955994725</ele>
        <time>2026-01-02T08:52:09.885Z</time>
      </trkpt>
      <trkpt lat="46.447801192363755" lon="11.032079023173708">
        <ele>1170.493955994725</ele>
        <time>2026-01-02T08:52:09.885Z</time>
      </trkpt>
      <trkpt lat="46.44781518360094" lon="11.031992762018064">
        <ele>1171.5470649913736</ele>
        <time>2026-01-02T08:52:16.048Z</time>
      </trkpt>
      <trkpt lat="46.447594032266664" lon="11.03143363244794">
        <ele>1171.2801239203204</ele>
        <time>2026-01-02T08:53:00.889Z</time>
      </trkpt>
      <trkpt lat="46.447594032266664" lon="11.03143363244794">
        <ele>1159.0600489089265</ele>
        <time>2026-01-02T08:53:00.889Z</time>
      </trkpt>
      <trkpt lat="46.447524446215276" lon="11.031343734083258">
        <ele>1157.3424639161676</ele>
        <time>2026-01-02T09:07:25.331Z</time>
      </trkpt>
      <trkpt lat="46.44746615345095" lon="11.031236280343146">
        <ele>1158.4861626597121</ele>
        <time>2026-01-02T09:07:33.331Z</time>
      </trkpt>
      <trkpt lat="46.447401126760674" lon="11.031142372655179">
        <ele>1159.2421714412048</ele>
        <time>2026-01-02T09:07:42.331Z</time>
      </trkpt>
      <trkpt lat="46.44733231646187" lon="11.031053237223986">
        <ele>1160.3698054049164</ele>
        <time>2026-01-02T09:07:48.331Z</time>
      </trkpt>
      <trkpt lat="46.447408165440045" lon="11.030981164019812">
        <ele>1159.913075353019</ele>
        <time>2026-01-02T09:08:02.331Z</time>
      </trkpt>
      <trkpt lat="46.44750439716958" lon="11.031014355842467">
        <ele>1163.6647072061896</ele>
        <time>2026-01-02T09:08:14.331Z</time>
      </trkpt>
      <trkpt lat="46.44759073123573" lon="11.031059825465402">
        <ele>1165.9819337185472</ele>
        <time>2026-01-02T09:08:23.331Z</time>
      </trkpt>
      <trkpt lat="46.44768499012665" lon="11.031032177860906">
        <ele>1167.3001691196114</ele>
        <time>2026-01-02T09:08:32.331Z</time>
      </trkpt>
      <trkpt lat="46.44777876440698" lon="11.030993307978113">
        <ele>1168.6767990654334</ele>
        <time>2026-01-02T09:08:39.331Z</time>
      </trkpt>
      <trkpt lat="46.447881941012916" lon="11.030989418004264">
        <ele>1172.3870747778565</ele>
        <time>2026-01-02T09:08:53.331Z</time>
      </trkpt>
      <trkpt lat="46.44797513925044" lon="11.030961515574345">
        <ele>1172.5001473790035</ele>
        <time>2026-01-02T09:09:06.331Z</time>
      </trkpt>
      <trkpt lat="46.44807207937946" lon="11.030941127422112">
        <ele>1175.2374793607742</ele>
        <time>2026-01-02T09:09:19.331Z</time>
      </trkpt>
      <trkpt lat="46.44816661414053" lon="11.030872781918145">
        <ele>1175.968862847425</ele>
        <time>2026-01-02T09:09:28.331Z</time>
      </trkpt>
      <trkpt lat="46.44824629440515" lon="11.0308061410403">
        <ele>1179.6889416016638</ele>
        <time>2026-01-02T09:09:40.331Z</time>
      </trkpt>
      <trkpt lat="46.44833631721391" lon="11.030767425977405">
        <ele>1180.8767099902034</ele>
        <time>2026-01-02T09:09:52.331Z</time>
      </trkpt>
      <trkpt lat="46.44842748911686" lon="11.030791780451972">
        <ele>1181.8177011283115</ele>
        <time>2026-01-02T09:10:05.331Z</time>
      </trkpt>
      <trkpt lat="46.44853538652917" lon="11.030776535626481">
        <ele>1185.0444565890357</ele>
        <time>2026-01-02T09:10:17.331Z</time>
      </trkpt>
      <trkpt lat="46.44862347020439" lon="11.03074876050279">
        <ele>1186.513924212195</ele>
        <time>2026-01-02T09:10:27.331Z</time>
      </trkpt>
      <trkpt lat="46.44871724443318" lon="11.030753914074953">
        <ele>1186.1424449654296</ele>
        <time>2026-01-02T09:10:36.331Z</time>
      </trkpt>
      <trkpt lat="46.4488119487235" lon="11.030711172786338">
        <ele>1187.0567541839555</ele>
        <time>2026-01-02T09:10:47.331Z</time>
      </trkpt>
      <trkpt lat="46.44890652310355" lon="11.03070430700228">
        <ele>1188.486099038273</ele>
        <time>2026-01-02T09:11:01.331Z</time>
      </trkpt>
      <trkpt lat="46.44897944731541" lon="11.030622397329802">
        <ele>1189.5579494666308</ele>
        <time>2026-01-02T09:11:11.331Z</time>
      </trkpt>
      <trkpt lat="46.449076680810656" lon="11.030574500444738">
        <ele>1191.0443621231243</ele>
        <time>2026-01-02T09:11:21.331Z</time>
      </trkpt>
      <trkpt lat="46.44916234978625" lon="11.030523668088561">
        <ele>1190.3491696119308</ele>
        <time>2026-01-02T09:11:32.331Z</time>
      </trkpt>
      <trkpt lat="46.44922850729662" lon="11.030429985349695">
        <ele>1190.3721292326227</ele>
        <time>2026-01-02T09:11:39.331Z</time>
      </trkpt>
      <trkpt lat="46.449296446078584" lon="11.030340085496373">
        <ele>1191.879823660478</ele>
        <time>2026-01-02T09:11:47.331Z</time>
      </trkpt>
      <trkpt lat="46.4493793962856" lon="11.030247369971155">
        <ele>1194.3646024269983</ele>
        <time>2026-01-02T09:11:57.331Z</time>
      </trkpt>
      <trkpt lat="46.44946458756527" lon="11.030173679565458">
        <ele>1193.9911392498761</ele>
        <time>2026-01-02T09:12:05.331Z</time>
      </trkpt>
      <trkpt lat="46.44954141509505" lon="11.030086126137679">
        <ele>1196.5321282800287</ele>
        <time>2026-01-02T09:12:17.331Z</time>
      </trkpt>
      <trkpt lat="46.4496244867213" lon="11.030002537457728">
        <ele>1197.859877275303</ele>
        <time>2026-01-02T09:12:27.331Z</time>
      </trkpt>
      <trkpt lat="46.449720404466106" lon="11.029971773121872">
        <ele>1198.821211701259</ele>
        <time>2026-01-02T09:12:37.331Z</time>
      </trkpt>
      <trkpt lat="46.44980778252123" lon="11.029915206409388">
        <ele>1199.4236625600606</ele>
        <time>2026-01-02T09:12:48.331Z</time>
      </trkpt>
      <trkpt lat="46.44989831248684" lon="11.029888200846132">
        <ele>1200.5839802445844</ele>
        <time>2026-01-02T09:12:58.331Z</time>
      </trkpt>
      <trkpt lat="46.44999526002988" lon="11.029895421282443">
        <ele>1203.2759175840765</ele>
        <time>2026-01-02T09:13:13.331Z</time>
      </trkpt>
      <trkpt lat="46.45008600161821" lon="11.029902421680898">
        <ele>1206.3656313130632</ele>
        <time>2026-01-02T09:13:24.331Z</time>
      </trkpt>
      <trkpt lat="46.450179231292466" lon="11.0298849979428">
        <ele>1207.0978291137144</ele>
        <time>2026-01-02T09:13:31.331Z</time>
      </trkpt>
      <trkpt lat="46.45026749280143" lon="11.029945132357364">
        <ele>1207.7436596322805</ele>
        <time>2026-01-02T09:13:40.331Z</time>
      </trkpt>
      <trkpt lat="46.45035315547551" lon="11.029903758290844">
        <ele>1208.3199630053714</ele>
        <time>2026-01-02T09:13:49.331Z</time>
      </trkpt>
      <trkpt lat="46.45045127833814" lon="11.029879380223793">
        <ele>1207.2028901958838</ele>
        <time>2026-01-02T09:13:58.331Z</time>
      </trkpt>
      <trkpt lat="46.45055304517173" lon="11.029867503406638">
        <ele>1212.5115990610793</ele>
        <time>2026-01-02T09:14:12.331Z</time>
      </trkpt>
      <trkpt lat="46.45063982265873" lon="11.02982803781759">
        <ele>1212.575601382181</ele>
        <time>2026-01-02T09:14:20.331Z</time>
      </trkpt>
      <trkpt lat="46.45072999341569" lon="11.029907207248694">
        <ele>1216.7955804420635</ele>
        <time>2026-01-02T09:14:32.331Z</time>
      </trkpt>
      <trkpt lat="46.45082705048105" lon="11.029909170508382">
        <ele>1218.853450762108</ele>
        <time>2026-01-02T09:14:52.331Z</time>
      </trkpt>
      <trkpt lat="46.450882754834936" lon="11.030019985235862">
        <ele>1219.7871944028884</ele>
        <time>2026-01-02T09:14:59.331Z</time>
      </trkpt>
      <trkpt lat="46.450975805996876" lon="11.030086408329694">
        <ele>1220.5558063602075</ele>
        <time>2026-01-02T09:15:14.331Z</time>
      </trkpt>
      <trkpt lat="46.45105633135329" lon="11.030150934528093">
        <ele>1223.7162634162232</ele>
        <time>2026-01-02T09:15:28.331Z</time>
      </trkpt>
      <trkpt lat="46.451146215366684" lon="11.030162384749119">
        <ele>1224.3022555904463</ele>
        <time>2026-01-02T09:15:40.500Z</time>
      </trkpt>
      <trkpt lat="46.451146215366684" lon="11.030162384749119">
        <ele>1229.7403553554877</ele>
        <time>2026-01-02T09:15:40.500Z</time>
      </trkpt>
      <trkpt lat="46.45138715549393" lon="11.030502999127066">
        <ele>1237.6249168495656</ele>
        <time>2026-01-02T09:17:16.655Z</time>
      </trkpt>
      <trkpt lat="46.45138715549393" lon="11.030502999127066">
        <ele>1237.6249168495656</ele>
        <time>2026-01-02T09:17:16.655Z</time>
      </trkpt>
      <trkpt lat="46.45142358239977" lon="11.030526203617768">
        <ele>1239.7787557275242</ele>
        <time>2026-01-02T09:17:28.027Z</time>
      </trkpt>
      <trkpt lat="46.45144132573935" lon="11.030567835499141">
        <ele>1240.3465085485839</ele>
        <time>2026-01-02T09:17:37.669Z</time>
      </trkpt>
      <trkpt lat="46.45144132573935" lon="11.030567835499141">
        <ele>1240.3465085485839</ele>
        <time>2026-01-02T09:17:37.669Z</time>
      </trkpt>
      <trkpt lat="46.451533620158465" lon="11.031206596921901">
        <ele>1241.2337473427888</ele>
        <time>2026-01-02T09:18:32.876Z</time>
      </trkpt>
      <trkpt lat="46.45156476491802" lon="11.031422147018153">
        <ele>1243.1328601740904</ele>
        <time>2026-01-02T09:19:04.318Z</time>
      </trkpt>
      <trkpt lat="46.45156476491802" lon="11.031422147018153">
        <ele>1244.6980157028884</ele>
        <time>2026-01-02T09:19:04.318Z</time>
      </trkpt>
      <trkpt lat="46.451603169948186" lon="11.031542459061615">
        <ele>1245.0355747174472</ele>
        <time>2026-01-02T09:19:19.331Z</time>
      </trkpt>
      <trkpt lat="46.451634631748675" lon="11.031695788578496">
        <ele>1246.6530045811087</ele>
        <time>2026-01-02T09:19:32.331Z</time>
      </trkpt>
      <trkpt lat="46.45167772682978" lon="11.031817612403295">
        <ele>1248.6274650711566</ele>
        <time>2026-01-02T09:19:44.331Z</time>
      </trkpt>
      <trkpt lat="46.45174810543583" lon="11.031919760625714">
        <ele>1248.9144104579464</ele>
        <time>2026-01-02T09:19:53.331Z</time>
      </trkpt>
      <trkpt lat="46.45184198412358" lon="11.031943881680913">
        <ele>1254.8150294274092</ele>
        <time>2026-01-02T09:20:26.331Z</time>
      </trkpt>
      <trkpt lat="46.45194257069402" lon="11.03194110760866">
        <ele>1257.5881577320397</ele>
        <time>2026-01-02T09:20:36.331Z</time>
      </trkpt>
      <trkpt lat="46.4519980924584" lon="11.0320517795907">
        <ele>1259.9905265718699</ele>
        <time>2026-01-02T09:20:46.331Z</time>
      </trkpt>
      <trkpt lat="46.45208954213944" lon="11.032032379387422">
        <ele>1261.5848363619298</ele>
        <time>2026-01-02T09:21:00.331Z</time>
      </trkpt>
      <trkpt lat="46.45217188119679" lon="11.03209329536098">
        <ele>1262.529780807905</ele>
        <time>2026-01-02T09:21:11.331Z</time>
      </trkpt>
      <trkpt lat="46.4522801439106" lon="11.032115516665032">
        <ele>1263.318491961807</ele>
        <time>2026-01-02T09:21:20.331Z</time>
      </trkpt>
      <trkpt lat="46.452353636596435" lon="11.0322300950995">
        <ele>1264.2251088377088</ele>
        <time>2026-01-02T09:21:31.331Z</time>
      </trkpt>
      <trkpt lat="46.45243368005395" lon="11.032291166035296">
        <ele>1262.873290351592</ele>
        <time>2026-01-02T09:21:39.331Z</time>
      </trkpt>
      <trkpt lat="46.45250397351695" lon="11.032379932349647">
        <ele>1263.0592600954697</ele>
        <time>2026-01-02T09:21:49.331Z</time>
      </trkpt>
      <trkpt lat="46.45257159000082" lon="11.032477006483308">
        <ele>1264.962144316174</ele>
        <time>2026-01-02T09:21:58.331Z</time>
      </trkpt>
      <trkpt lat="46.45265762067923" lon="11.032522222496624">
        <ele>1263.4215379264206</ele>
        <time>2026-01-02T09:22:15.331Z</time>
      </trkpt>
      <trkpt lat="46.452739129475255" lon="11.032621989604243">
        <ele>1267.2706068987027</ele>
        <time>2026-01-02T09:22:43.331Z</time>
      </trkpt>
      <trkpt lat="46.4528245940317" lon="11.03268969607263">
        <ele>1270.0097340261564</ele>
        <time>2026-01-02T09:22:56.331Z</time>
      </trkpt>
      <trkpt lat="46.452921229240715" lon="11.03277312923286">
        <ele>1272.4972132192925</ele>
        <time>2026-01-02T09:23:09.331Z</time>
      </trkpt>
      <trkpt lat="46.452994822504955" lon="11.032862202055771">
        <ele>1274.4217189457268</ele>
        <time>2026-01-02T09:23:22.331Z</time>
      </trkpt>
      <trkpt lat="46.45308078046379" lon="11.032952215403512">
        <ele>1277.545465875417</ele>
        <time>2026-01-02T09:23:33.331Z</time>
      </trkpt>
      <trkpt lat="46.45315806501599" lon="11.033040417122999">
        <ele>1279.506519626826</ele>
        <time>2026-01-02T09:23:50.331Z</time>
      </trkpt>
      <trkpt lat="46.4532280311602" lon="11.033125160167039">
        <ele>1281.7111671464518</ele>
        <time>2026-01-02T09:24:03.331Z</time>
      </trkpt>
      <trkpt lat="46.45330616182874" lon="11.033199330876986">
        <ele>1285.1232982035726</ele>
        <time>2026-01-02T09:24:12.331Z</time>
      </trkpt>
      <trkpt lat="46.453401418992414" lon="11.033230524312184">
        <ele>1287.5046685272828</ele>
        <time>2026-01-02T09:24:25.331Z</time>
      </trkpt>
      <trkpt lat="46.453485238206646" lon="11.033290647754917">
        <ele>1288.4772992534563</ele>
        <time>2026-01-02T09:24:37.331Z</time>
      </trkpt>
      <trkpt lat="46.453578191531975" lon="11.033326863552894">
        <ele>1289.6025125021115</ele>
        <time>2026-01-02T09:24:50.331Z</time>
      </trkpt>
      <trkpt lat="46.4536761268962" lon="11.033334597342312">
        <ele>1290.0291871549562</ele>
        <time>2026-01-02T09:25:01.331Z</time>
      </trkpt>
      <trkpt lat="46.453767065403156" lon="11.033369443048157">
        <ele>1291.757770102471</ele>
        <time>2026-01-02T09:25:12.331Z</time>
      </trkpt>
      <trkpt lat="46.45386071343182" lon="11.033367785970833">
        <ele>1292.9817990614101</ele>
        <time>2026-01-02T09:25:22.331Z</time>
      </trkpt>
      <trkpt lat="46.453956777328635" lon="11.033372466541545">
        <ele>1293.9970606965944</ele>
        <time>2026-01-02T09:25:33.331Z</time>
      </trkpt>
      <trkpt lat="46.45404752655899" lon="11.033403664544842">
        <ele>1295.545852589421</ele>
        <time>2026-01-02T09:26:00.331Z</time>
      </trkpt>
      <trkpt lat="46.454077050744665" lon="11.0335297252141">
        <ele>1295.4479116816074</ele>
        <time>2026-01-02T09:26:19.331Z</time>
      </trkpt>
      <trkpt lat="46.45415959767042" lon="11.033601593245868">
        <ele>1296.7008527070284</ele>
        <time>2026-01-02T09:26:27.331Z</time>
      </trkpt>
      <trkpt lat="46.454244943048074" lon="11.033666568233684">
        <ele>1298.8153109354898</ele>
        <time>2026-01-02T09:26:37.331Z</time>
      </trkpt>
      <trkpt lat="46.45432594188664" lon="11.033742765470064">
        <ele>1298.7174752624705</ele>
        <time>2026-01-02T09:26:46.331Z</time>
      </trkpt>
      <trkpt lat="46.45437630492825" lon="11.033785230735214">
        <ele>1299.0375543952357</ele>
        <time>2026-01-02T09:26:50.839Z</time>
      </trkpt>
      <trkpt lat="46.45437630492825" lon="11.033785230735214">
        <ele>1304.4601786595538</ele>
        <time>2026-01-02T09:26:50.839Z</time>
      </trkpt>
      <trkpt lat="46.45439898677424" lon="11.033800661727867">
        <ele>1304.6806044079365</ele>
        <time>2026-01-02T09:26:52.779Z</time>
      </trkpt>
      <trkpt lat="46.45439898677424" lon="11.033800661727867">
        <ele>1304.6806044079365</ele>
        <time>2026-01-02T09:26:52.779Z</time>
      </trkpt>
      <trkpt lat="46.45441798803719" lon="11.03375882444351">
        <ele>1305.3347568451431</ele>
        <time>2026-01-02T09:26:55.888Z</time>
      </trkpt>
      <trkpt lat="46.45441798803719" lon="11.03375882444351">
        <ele>1305.3347568451431</ele>
        <time>2026-01-02T09:26:55.888Z</time>
      </trkpt>
      <trkpt lat="46.45446492867117" lon="11.03371086236254">
        <ele>1306.3374807222515</ele>
        <time>2026-01-02T09:27:01.059Z</time>
      </trkpt>
      <trkpt lat="46.45446492867117" lon="11.03371086236254">
        <ele>1306.3374807222515</ele>
        <time>2026-01-02T09:27:01.059Z</time>
      </trkpt>
      <trkpt lat="46.45455199805335" lon="11.033668237165926">
        <ele>1307.8398989402694</ele>
        <time>2026-01-02T09:27:15.102Z</time>
      </trkpt>
      <trkpt lat="46.45455199805335" lon="11.033668237165926">
        <ele>1307.8398989402694</ele>
        <time>2026-01-02T09:27:15.102Z</time>
      </trkpt>
      <trkpt lat="46.45487324659152" lon="11.033577973572505">
        <ele>1309.7578251081989</ele>
        <time>2026-01-02T09:27:48.196Z</time>
      </trkpt>
      <trkpt lat="46.45487324659152" lon="11.033577973572505">
        <ele>1309.7578251081989</ele>
        <time>2026-01-02T09:27:48.196Z</time>
      </trkpt>
      <trkpt lat="46.454875841147214" lon="11.033691659847307">
        <ele>1308.6119635414013</ele>
        <time>2026-01-02T09:27:56.106Z</time>
      </trkpt>
      <trkpt lat="46.454875841147214" lon="11.033691659847307">
        <ele>1308.6119635414013</ele>
        <time>2026-01-02T09:27:56.106Z</time>
      </trkpt>
      <trkpt lat="46.45488070013292" lon="11.033960383833033">
        <ele>1306.44784745428</ele>
        <time>2026-01-02T09:28:14.765Z</time>
      </trkpt>
      <trkpt lat="46.45488070013292" lon="11.033960383833033">
        <ele>1306.44784745428</ele>
        <time>2026-01-02T09:28:14.765Z</time>
      </trkpt>
      <trkpt lat="46.45488755717329" lon="11.0340194204081">
        <ele>1306.0819977519445</ele>
        <time>2026-01-02T09:28:18.914Z</time>
      </trkpt>
      <trkpt lat="46.45488755717329" lon="11.0340194204081">
        <ele>1306.0819977519445</ele>
        <time>2026-01-02T09:28:18.914Z</time>
      </trkpt>
      <trkpt lat="46.45490871614231" lon="11.034078208204562">
        <ele>1305.7792958044909</ele>
        <time>2026-01-02T09:28:25.291Z</time>
      </trkpt>
      <trkpt lat="46.45490871614231" lon="11.034078208204562">
        <ele>1305.7792958044909</ele>
        <time>2026-01-02T09:28:25.291Z</time>
      </trkpt>
      <trkpt lat="46.4549584217705" lon="11.034121506848692">
        <ele>1305.661317382186</ele>
        <time>2026-01-02T09:28:33.381Z</time>
      </trkpt>
      <trkpt lat="46.45501540622074" lon="11.034135260356617">
        <ele>1305.5508214599527</ele>
        <time>2026-01-02T09:28:41.434Z</time>
      </trkpt>
      <trkpt lat="46.45501540622074" lon="11.034135260356617">
        <ele>1305.687247815257</ele>
        <time>2026-01-02T09:28:41.434Z</time>
      </trkpt>
      <trkpt lat="46.45511791232681" lon="11.034147195411009">
        <ele>1305.4177512040478</ele>
        <time>2026-01-02T09:28:51.469Z</time>
      </trkpt>
      <trkpt lat="46.45511791232681" lon="11.034147195411009">
        <ele>1305.4177512040478</ele>
        <time>2026-01-02T09:28:51.469Z</time>
      </trkpt>
      <trkpt lat="46.45540790240929" lon="11.03415857448178">
        <ele>1302.7953242351387</ele>
        <time>2026-01-02T09:29:19.775Z</time>
      </trkpt>
      <trkpt lat="46.45540790240929" lon="11.03415857448178">
        <ele>1302.7953242351387</ele>
        <time>2026-01-02T09:29:19.775Z</time>
      </trkpt>
      <trkpt lat="46.45559142532278" lon="11.034139955429737">
        <ele>1299.3179012544456</ele>
        <time>2026-01-02T09:29:37.722Z</time>
      </trkpt>
      <trkpt lat="46.45559142532278" lon="11.034139955429737">
        <ele>1299.3179012544456</ele>
        <time>2026-01-02T09:29:37.722Z</time>
      </trkpt>
      <trkpt lat="46.455661057707914" lon="11.03414467404869">
        <ele>1297.9909719231512</ele>
        <time>2026-01-02T09:29:44.765Z</time>
      </trkpt>
      <trkpt lat="46.455661057707914" lon="11.03414467404869">
        <ele>1297.9909719231512</ele>
        <time>2026-01-02T09:29:44.765Z</time>
      </trkpt>
      <trkpt lat="46.4557488595097" lon="11.03416962546143">
        <ele>1296.4291158107233</ele>
        <time>2026-01-02T09:29:53.803Z</time>
      </trkpt>
      <trkpt lat="46.4557488595097" lon="11.03416962546143">
        <ele>1296.4291158107233</ele>
        <time>2026-01-02T09:29:53.803Z</time>
      </trkpt>
      <trkpt lat="46.455865157316026" lon="11.034206192114539">
        <ele>1293.5661983785362</ele>
        <time>2026-01-02T09:30:05.821Z</time>
      </trkpt>
      <trkpt lat="46.455865157316026" lon="11.034206192114539">
        <ele>1293.5661983785362</ele>
        <time>2026-01-02T09:30:05.821Z</time>
      </trkpt>
      <trkpt lat="46.45603192504501" lon="11.034278023762823">
        <ele>1291.4944120955997</ele>
        <time>2026-01-02T09:30:23.389Z</time>
      </trkpt>
      <trkpt lat="46.45603192504501" lon="11.034278023762823">
        <ele>1291.4944120955997</ele>
        <time>2026-01-02T09:30:23.389Z</time>
      </trkpt>
      <trkpt lat="46.456095858835454" lon="11.03431960508658">
        <ele>1290.8433678891465</ele>
        <time>2026-01-02T09:30:29.649Z</time>
      </trkpt>
      <trkpt lat="46.456095858835454" lon="11.03431960508658">
        <ele>1290.8433678891465</ele>
        <time>2026-01-02T09:30:29.649Z</time>
      </trkpt>
      <trkpt lat="46.45618401933592" lon="11.034399957787883">
        <ele>1289.6146017546678</ele>
        <time>2026-01-02T09:30:38.950Z</time>
      </trkpt>
      <trkpt lat="46.45618401933592" lon="11.034399957787883">
        <ele>1289.6146017546678</ele>
        <time>2026-01-02T09:30:38.950Z</time>
      </trkpt>
      <trkpt lat="46.456482204701814" lon="11.034848799116986">
        <ele>1285.094998122892</ele>
        <time>2026-01-02T09:31:17.338Z</time>
      </trkpt>
      <trkpt lat="46.456482204701814" lon="11.034848799116986">
        <ele>1285.094998122892</ele>
        <time>2026-01-02T09:31:17.338Z</time>
      </trkpt>
      <trkpt lat="46.456698375413765" lon="11.035162334328845">
        <ele>1279.8413996678946</ele>
        <time>2026-01-02T09:31:44.378Z</time>
      </trkpt>
      <trkpt lat="46.456698375413765" lon="11.035162334328845">
        <ele>1279.8413996678946</ele>
        <time>2026-01-02T09:31:44.378Z</time>
      </trkpt>
      <trkpt lat="46.45678682911398" lon="11.035291637578666">
        <ele>1278.4481585870299</ele>
        <time>2026-01-02T09:31:55.486Z</time>
      </trkpt>
      <trkpt lat="46.45678682911398" lon="11.035291637578666">
        <ele>1278.4481585870299</ele>
        <time>2026-01-02T09:31:55.486Z</time>
      </trkpt>
      <trkpt lat="46.45682196890783" lon="11.035351705771859">
        <ele>1278.5410309780395</ele>
        <time>2026-01-02T09:32:00.288Z</time>
      </trkpt>
      <trkpt lat="46.45682196890783" lon="11.035351705771859">
        <ele>1278.5410309780395</ele>
        <time>2026-01-02T09:32:00.288Z</time>
      </trkpt>
      <trkpt lat="46.45685579607152" lon="11.035414664215551">
        <ele>1278.599978242963</ele>
        <time>2026-01-02T09:32:05.154Z</time>
      </trkpt>
      <trkpt lat="46.45688213199291" lon="11.03546561069876">
        <ele>1278.6424375856054</ele>
        <time>2026-01-02T09:32:09.037Z</time>
      </trkpt>
      <trkpt lat="46.45688213199291" lon="11.03546561069876">
        <ele>1278.7402216011208</ele>
        <time>2026-01-02T09:32:09.037Z</time>
      </trkpt>
      <trkpt lat="46.45693329350786" lon="11.035586686661958">
        <ele>1278.9013151325337</ele>
        <time>2026-01-02T09:32:17.081Z</time>
      </trkpt>
      <trkpt lat="46.45693329350786" lon="11.035586686661958">
        <ele>1278.9013151325337</ele>
        <time>2026-01-02T09:32:17.081Z</time>
      </trkpt>
      <trkpt lat="46.4569784222968" lon="11.035684046779522">
        <ele>1278.7783851362515</ele>
        <time>2026-01-02T09:32:23.750Z</time>
      </trkpt>
      <trkpt lat="46.4569784222968" lon="11.035684046779522">
        <ele>1278.7783851362515</ele>
        <time>2026-01-02T09:32:23.750Z</time>
      </trkpt>
      <trkpt lat="46.45701373287014" lon="11.035740336094136">
        <ele>1278.3240936032485</ele>
        <time>2026-01-02T09:32:28.077Z</time>
      </trkpt>
      <trkpt lat="46.457058870544934" lon="11.03576051222153">
        <ele>1278.0735978775833</ele>
        <time>2026-01-02T09:32:31.981Z</time>
      </trkpt>
      <trkpt lat="46.457058870544934" lon="11.03576051222153">
        <ele>1278.1594835822978</ele>
        <time>2026-01-02T09:32:31.981Z</time>
      </trkpt>
      <trkpt lat="46.457197391086794" lon="11.035802772557503">
        <ele>1277.6713538466963</ele>
        <time>2026-01-02T09:32:43.935Z</time>
      </trkpt>
      <trkpt lat="46.457197391086794" lon="11.035802772557503">
        <ele>1277.6713538466963</ele>
        <time>2026-01-02T09:32:43.935Z</time>
      </trkpt>
      <trkpt lat="46.457232260621566" lon="11.0358324595164">
        <ele>1277.211509180373</ele>
        <time>2026-01-02T09:32:47.350Z</time>
      </trkpt>
      <trkpt lat="46.457232260621566" lon="11.0358324595164">
        <ele>1277.211509180373</ele>
        <time>2026-01-02T09:32:47.350Z</time>
      </trkpt>
      <trkpt lat="46.45726751641149" lon="11.035916089608122">
        <ele>1275.8537655753098</ele>
        <time>2026-01-02T09:32:53.059Z</time>
      </trkpt>
      <trkpt lat="46.45726751641149" lon="11.035916089608122">
        <ele>1275.8537655753098</ele>
        <time>2026-01-02T09:32:53.059Z</time>
      </trkpt>
      <trkpt lat="46.45731126919247" lon="11.03615711859365">
        <ele>1271.5846050120495</ele>
        <time>2026-01-02T09:33:07.575Z</time>
      </trkpt>
      <trkpt lat="46.45731126919247" lon="11.03615711859365">
        <ele>1271.5846050120495</ele>
        <time>2026-01-02T09:33:07.575Z</time>
      </trkpt>
      <trkpt lat="46.45734070113801" lon="11.036261820937057">
        <ele>1269.7602475954325</ele>
        <time>2026-01-02T09:33:14.023Z</time>
      </trkpt>
      <trkpt lat="46.45734070113801" lon="11.036261820937057">
        <ele>1269.7602475954325</ele>
        <time>2026-01-02T09:33:14.023Z</time>
      </trkpt>
      <trkpt lat="46.45738875860789" lon="11.036393417123747">
        <ele>1268.146351819972</ele>
        <time>2026-01-02T09:33:22.518Z</time>
      </trkpt>
      <trkpt lat="46.45738875860789" lon="11.036393417123747">
        <ele>1268.146351819972</ele>
        <time>2026-01-02T09:33:22.518Z</time>
      </trkpt>
      <trkpt lat="46.4574528657262" lon="11.03651301735772">
        <ele>1268.1791911956861</ele>
        <time>2026-01-02T09:33:31.162Z</time>
      </trkpt>
      <trkpt lat="46.4574528657262" lon="11.03651301735772">
        <ele>1268.1791911956861</ele>
        <time>2026-01-02T09:33:31.162Z</time>
      </trkpt>
      <trkpt lat="46.45753120399513" lon="11.036613884731594">
        <ele>1269.5212925054134</ele>
        <time>2026-01-02T09:33:40.243Z</time>
      </trkpt>
      <trkpt lat="46.45753120399513" lon="11.036613884731594">
        <ele>1269.5212925054134</ele>
        <time>2026-01-02T09:33:40.243Z</time>
      </trkpt>
      <trkpt lat="46.45768030073518" lon="11.03687760452641">
        <ele>1272.3049440660855</ele>
        <time>2026-01-02T09:34:00.625Z</time>
      </trkpt>
      <trkpt lat="46.45768030073518" lon="11.03687760452641">
        <ele>1272.3049440660855</ele>
        <time>2026-01-02T09:34:00.625Z</time>
      </trkpt>
      <trkpt lat="46.45783753089424" lon="11.037193444525485">
        <ele>1274.1795055171947</ele>
        <time>2026-01-02T09:34:23.907Z</time>
      </trkpt>
      <trkpt lat="46.45783753089424" lon="11.037193444525485">
        <ele>1274.1795055171947</ele>
        <time>2026-01-02T09:34:23.907Z</time>
      </trkpt>
      <trkpt lat="46.45805168160595" lon="11.037611407695607">
        <ele>1277.9497385738887</ele>
        <time>2026-01-02T09:34:56.232Z</time>
      </trkpt>
      <trkpt lat="46.45805168160595" lon="11.037611407695607">
        <ele>1277.9497385738887</ele>
        <time>2026-01-02T09:34:56.232Z</time>
      </trkpt>
      <trkpt lat="46.45813478922369" lon="11.037818608898306">
        <ele>1277.2429754388531</ele>
        <time>2026-01-02T09:35:11.111Z</time>
      </trkpt>
      <trkpt lat="46.458178736930726" lon="11.037920482179453">
        <ele>1277.1405750010315</ele>
        <time>2026-01-02T09:35:18.262Z</time>
      </trkpt>
      <trkpt lat="46.458178736930726" lon="11.037920482179453">
        <ele>1277.1070880173265</ele>
        <time>2026-01-02T09:35:18.262Z</time>
      </trkpt>
      <trkpt lat="46.45823640654572" lon="11.038025017833803">
        <ele>1277.7581805777318</ele>
        <time>2026-01-02T09:35:26.236Z</time>
      </trkpt>
      <trkpt lat="46.45823640654572" lon="11.038025017833803">
        <ele>1277.7581805777318</ele>
        <time>2026-01-02T09:35:26.236Z</time>
      </trkpt>
      <trkpt lat="46.4583854484801" lon="11.038247724232946">
        <ele>1278.7658481396443</ele>
        <time>2026-01-02T09:35:44.725Z</time>
      </trkpt>
      <trkpt lat="46.4583854484801" lon="11.038247724232946">
        <ele>1278.7658481396443</ele>
        <time>2026-01-02T09:35:44.725Z</time>
      </trkpt>
      <trkpt lat="46.45843197592703" lon="11.038293541128496">
        <ele>1279.4320026066162</ele>
        <time>2026-01-02T09:35:49.597Z</time>
      </trkpt>
      <trkpt lat="46.45843197592703" lon="11.038293541128496">
        <ele>1279.4320026066162</ele>
        <time>2026-01-02T09:35:49.597Z</time>
      </trkpt>
      <trkpt lat="46.45849578826014" lon="11.038328389443848">
        <ele>1281.1823963093582</ele>
        <time>2026-01-02T09:35:55.478Z</time>
      </trkpt>
      <trkpt lat="46.45849578826014" lon="11.038328389443848">
        <ele>1281.1823963093582</ele>
        <time>2026-01-02T09:35:55.478Z</time>
      </trkpt>
      <trkpt lat="46.45852728107366" lon="11.038372461633713">
        <ele>1281.0025256891236</ele>
        <time>2026-01-02T09:35:59.252Z</time>
      </trkpt>
      <trkpt lat="46.45852728107366" lon="11.038372461633713">
        <ele>1281.0025256891236</ele>
        <time>2026-01-02T09:35:59.252Z</time>
      </trkpt>
      <trkpt lat="46.45860187586783" lon="11.038510874790688">
        <ele>1279.1704011094293</ele>
        <time>2026-01-02T09:36:09.698Z</time>
      </trkpt>
      <trkpt lat="46.458687913236936" lon="11.038724154544141">
        <ele>1275.1875701697531</ele>
        <time>2026-01-02T09:36:24.389Z</time>
      </trkpt>
      <trkpt lat="46.458687913236936" lon="11.038724154544141">
        <ele>1270.7150361277163</ele>
        <time>2026-01-02T09:36:24.389Z</time>
      </trkpt>
      <trkpt lat="46.45878120718716" lon="11.03875760902941">
        <ele>1271.0056378282607</ele>
        <time>2026-01-02T09:39:33.331Z</time>
      </trkpt>
      <trkpt lat="46.458873705507756" lon="11.038723796581653">
        <ele>1272.7285856259987</ele>
        <time>2026-01-02T09:39:41.331Z</time>
      </trkpt>
      <trkpt lat="46.458934533068486" lon="11.038620699678377">
        <ele>1273.4314517257735</ele>
        <time>2026-01-02T09:39:54.331Z</time>
      </trkpt>
      <trkpt lat="46.45899260365856" lon="11.038520263683116">
        <ele>1275.4505026778206</ele>
        <time>2026-01-02T09:40:17.331Z</time>
      </trkpt>
      <trkpt lat="46.4590227686532" lon="11.038385003525116">
        <ele>1279.2206762451679</ele>
        <time>2026-01-02T09:40:31.331Z</time>
      </trkpt>
      <trkpt lat="46.45901324184665" lon="11.038245264811868">
        <ele>1281.8584010023624</ele>
        <time>2026-01-02T09:40:45.331Z</time>
      </trkpt>
      <trkpt lat="46.45897557794422" lon="11.038123025440829">
        <ele>1286.266530038789</ele>
        <time>2026-01-02T09:40:58.331Z</time>
      </trkpt>
      <trkpt lat="46.45898778899887" lon="11.037991213298497">
        <ele>1289.977675237693</ele>
        <time>2026-01-02T09:41:11.331Z</time>
      </trkpt>
      <trkpt lat="46.45899158731139" lon="11.037860084010559">
        <ele>1293.060811335221</ele>
        <time>2026-01-02T09:41:30.331Z</time>
      </trkpt>
      <trkpt lat="46.459027812580366" lon="11.037739687395991">
        <ele>1294.5441498309374</ele>
        <time>2026-01-02T09:41:39.331Z</time>
      </trkpt>
      <trkpt lat="46.459059793749375" lon="11.037597381438717">
        <ele>1297.9921223269776</ele>
        <time>2026-01-02T09:41:52.331Z</time>
      </trkpt>
      <trkpt lat="46.4590482092152" lon="11.037449538931972">
        <ele>1300.4365082234144</ele>
        <time>2026-01-02T09:42:07.331Z</time>
      </trkpt>
      <trkpt lat="46.45909360855767" lon="11.037333353948314">
        <ele>1300.8334463257343</ele>
        <time>2026-01-02T09:42:15.331Z</time>
      </trkpt>
      <trkpt lat="46.45908000140377" lon="11.03720117696311">
        <ele>1302.0517906416208</ele>
        <time>2026-01-02T09:42:23.331Z</time>
      </trkpt>
      <trkpt lat="46.45909847851866" lon="11.03706908857516">
        <ele>1305.4252024004236</ele>
        <time>2026-01-02T09:42:36.331Z</time>
      </trkpt>
      <trkpt lat="46.4590650604308" lon="11.036945490431204">
        <ele>1305.2263508923352</ele>
        <time>2026-01-02T09:42:46.331Z</time>
      </trkpt>
      <trkpt lat="46.45901552908186" lon="11.036834663544946">
        <ele>1306.730171323754</ele>
        <time>2026-01-02T09:42:58.331Z</time>
      </trkpt>
      <trkpt lat="46.458921867902525" lon="11.036796468939187">
        <ele>1309.481683938764</ele>
        <time>2026-01-02T09:43:05.331Z</time>
      </trkpt>
      <trkpt lat="46.45889596916275" lon="11.03666220913755">
        <ele>1311.0473644221202</ele>
        <time>2026-01-02T09:43:20.331Z</time>
      </trkpt>
      <trkpt lat="46.45881540709775" lon="11.036597140266464">
        <ele>1313.5845972625539</ele>
        <time>2026-01-02T09:43:30.331Z</time>
      </trkpt>
      <trkpt lat="46.458734645802096" lon="11.036535103454536">
        <ele>1313.2923438502476</ele>
        <time>2026-01-02T09:43:46.331Z</time>
      </trkpt>
      <trkpt lat="46.458705457369604" lon="11.036403083436465">
        <ele>1312.657663374208</ele>
        <time>2026-01-02T09:43:56.331Z</time>
      </trkpt>
      <trkpt lat="46.458691464283426" lon="11.036252688150913">
        <ele>1314.7201544670388</ele>
        <time>2026-01-02T09:44:03.331Z</time>
      </trkpt>
      <trkpt lat="46.45864047919308" lon="11.036138763494654">
        <ele>1315.706271307543</ele>
        <time>2026-01-02T09:44:14.331Z</time>
      </trkpt>
      <trkpt lat="46.458693501217475" lon="11.036012059569758">
        <ele>1316.6951539013535</ele>
        <time>2026-01-02T09:44:23.331Z</time>
      </trkpt>
      <trkpt lat="46.458750943573314" lon="11.035898278540508">
        <ele>1316.8457863852382</ele>
        <time>2026-01-02T09:44:32.331Z</time>
      </trkpt>
      <trkpt lat="46.45880242866774" lon="11.035791259080067">
        <ele>1315.411660459824</ele>
        <time>2026-01-02T09:44:40.331Z</time>
      </trkpt>
      <trkpt lat="46.458836544571135" lon="11.035652606377168">
        <ele>1314.6124972123653</ele>
        <time>2026-01-02T09:44:49.331Z</time>
      </trkpt>
      <trkpt lat="46.45884406045485" lon="11.035513707500344">
        <ele>1314.741796478629</ele>
        <time>2026-01-02T09:44:58.331Z</time>
      </trkpt>
      <trkpt lat="46.45884574469187" lon="11.035371957736697">
        <ele>1317.3754617171362</ele>
        <time>2026-01-02T09:45:08.331Z</time>
      </trkpt>
      <trkpt lat="46.45890137201352" lon="11.035258847349544">
        <ele>1317.1581062097102</ele>
        <time>2026-01-02T09:45:17.547Z</time>
      </trkpt>
      <trkpt lat="46.45890137201352" lon="11.035258847349544">
        <ele>1328.841190604858</ele>
        <time>2026-01-02T09:45:17.547Z</time>
      </trkpt>
      <trkpt lat="46.459091240841445" lon="11.035167972902656">
        <ele>1329.595853032878</ele>
        <time>2026-01-02T09:45:36.793Z</time>
      </trkpt>
      <trkpt lat="46.459091240841445" lon="11.035167972902656">
        <ele>1329.595853032878</ele>
        <time>2026-01-02T09:45:36.793Z</time>
      </trkpt>
      <trkpt lat="46.45922906782906" lon="11.035100461587803">
        <ele>1328.9787254387334</ele>
        <time>2026-01-02T09:45:50.429Z</time>
      </trkpt>
      <trkpt lat="46.45922906782906" lon="11.035100461587803">
        <ele>1328.9787254387334</ele>
        <time>2026-01-02T09:45:50.429Z</time>
      </trkpt>
      <trkpt lat="46.459329804120955" lon="11.035045380326011">
        <ele>1327.891921696346</ele>
        <time>2026-01-02T09:46:00.520Z</time>
      </trkpt>
      <trkpt lat="46.459329804120955" lon="11.035045380326011">
        <ele>1327.891921696346</ele>
        <time>2026-01-02T09:46:00.520Z</time>
      </trkpt>
      <trkpt lat="46.459409512091526" lon="11.034957979525842">
        <ele>1328.348574619649</ele>
        <time>2026-01-02T09:46:09.884Z</time>
      </trkpt>
      <trkpt lat="46.459409512091526" lon="11.034957979525842">
        <ele>1328.348574619649</ele>
        <time>2026-01-02T09:46:09.884Z</time>
      </trkpt>
      <trkpt lat="46.45948442982046" lon="11.03481651753674">
        <ele>1329.6805390898382</ele>
        <time>2026-01-02T09:46:21.419Z</time>
      </trkpt>
      <trkpt lat="46.45948442982046" lon="11.03481651753674">
        <ele>1329.6805390898382</ele>
        <time>2026-01-02T09:46:21.419Z</time>
      </trkpt>
      <trkpt lat="46.45959888866818" lon="11.034563517158404">
        <ele>1329.8873895445613</ele>
        <time>2026-01-02T09:46:40.641Z</time>
      </trkpt>
      <trkpt lat="46.45959888866818" lon="11.034563517158404">
        <ele>1329.8873895445613</ele>
        <time>2026-01-02T09:46:40.641Z</time>
      </trkpt>
      <trkpt lat="46.459775961795145" lon="11.03429949174378">
        <ele>1330.752045590478</ele>
        <time>2026-01-02T09:47:03.220Z</time>
      </trkpt>
      <trkpt lat="46.459775961795145" lon="11.03429949174378">
        <ele>1330.752045590478</ele>
        <time>2026-01-02T09:47:03.220Z</time>
      </trkpt>
      <trkpt lat="46.45999858013968" lon="11.03406667689751">
        <ele>1332.421001907579</ele>
        <time>2026-01-02T09:47:27.661Z</time>
      </trkpt>
      <trkpt lat="46.45999858013968" lon="11.03406667689751">
        <ele>1332.421001907579</ele>
        <time>2026-01-02T09:47:27.661Z</time>
      </trkpt>
      <trkpt lat="46.460104011692835" lon="11.033980882274903">
        <ele>1333.75466477275</ele>
        <time>2026-01-02T09:47:38.445Z</time>
      </trkpt>
      <trkpt lat="46.460104011692835" lon="11.033980882274903">
        <ele>1333.75466477275</ele>
        <time>2026-01-02T09:47:38.445Z</time>
      </trkpt>
      <trkpt lat="46.460192789068486" lon="11.033935822084516">
        <ele>1334.6396422372422</ele>
        <time>2026-01-02T09:47:46.870Z</time>
      </trkpt>
      <trkpt lat="46.460192789068486" lon="11.033935822084516">
        <ele>1334.6396422372422</ele>
        <time>2026-01-02T09:47:46.870Z</time>
      </trkpt>
      <trkpt lat="46.46022766009253" lon="11.033913363281584">
        <ele>1335.2386564165363</ele>
        <time>2026-01-02T09:47:50.319Z</time>
      </trkpt>
      <trkpt lat="46.46022766009253" lon="11.033913363281584">
        <ele>1335.2386564165363</ele>
        <time>2026-01-02T09:47:50.319Z</time>
      </trkpt>
      <trkpt lat="46.46028345907544" lon="11.033903257824988">
        <ele>1335.6363618194137</ele>
        <time>2026-01-02T09:47:55.189Z</time>
      </trkpt>
      <trkpt lat="46.46028345907544" lon="11.033903257824988">
        <ele>1335.6363618194137</ele>
        <time>2026-01-02T09:47:55.189Z</time>
      </trkpt>
      <trkpt lat="46.460328806963815" lon="11.033924383955764">
        <ele>1335.3031979200434</ele>
        <time>2026-01-02T09:47:59.315Z</time>
      </trkpt>
      <trkpt lat="46.460328806963815" lon="11.033924383955764">
        <ele>1335.3031979200434</ele>
        <time>2026-01-02T09:47:59.315Z</time>
      </trkpt>
      <trkpt lat="46.46043318709235" lon="11.034025991215884">
        <ele>1332.8594149274295</ele>
        <time>2026-01-02T09:48:10.203Z</time>
      </trkpt>
      <trkpt lat="46.46043318709235" lon="11.034025991215884">
        <ele>1332.8594149274295</ele>
        <time>2026-01-02T09:48:10.203Z</time>
      </trkpt>
      <trkpt lat="46.46050341950976" lon="11.03411923794917">
        <ele>1330.7626295656491</ele>
        <time>2026-01-02T09:48:18.449Z</time>
      </trkpt>
      <trkpt lat="46.46050341950976" lon="11.03411923794917">
        <ele>1330.7626295656491</ele>
        <time>2026-01-02T09:48:18.449Z</time>
      </trkpt>
      <trkpt lat="46.46080816356203" lon="11.034599230276372">
        <ele>1325.4607431459544</ele>
        <time>2026-01-02T09:48:57.411Z</time>
      </trkpt>
      <trkpt lat="46.460839102083725" lon="11.034647960523671">
        <ele>1325.0191519771379</ele>
        <time>2026-01-02T09:49:01.366Z</time>
      </trkpt>
      <trkpt lat="46.460839102083725" lon="11.034647960523671">
        <ele>1325.0191519771379</ele>
        <time>2026-01-02T09:49:01.366Z</time>
      </trkpt>
      <trkpt lat="46.46091656328116" lon="11.034775965958204">
        <ele>1323.94117553006</ele>
        <time>2026-01-02T09:49:11.536Z</time>
      </trkpt>
      <trkpt lat="46.46091656328116" lon="11.034775965958204">
        <ele>1323.94117553006</ele>
        <time>2026-01-02T09:49:11.536Z</time>
      </trkpt>
      <trkpt lat="46.460955428195746" lon="11.034844009992412">
        <ele>1323.871706099902</ele>
        <time>2026-01-02T09:49:16.827Z</time>
      </trkpt>
      <trkpt lat="46.460955428195746" lon="11.034844009992412">
        <ele>1323.871706099902</ele>
        <time>2026-01-02T09:49:16.827Z</time>
      </trkpt>
      <trkpt lat="46.4610120947994" lon="11.034909376841625">
        <ele>1324.56493277019</ele>
        <time>2026-01-02T09:49:25.346Z</time>
      </trkpt>
      <trkpt lat="46.4610120947994" lon="11.034909376841625">
        <ele>1324.56493277019</ele>
        <time>2026-01-02T09:49:25.346Z</time>
      </trkpt>
      <trkpt lat="46.46103548895226" lon="11.034926799388927">
        <ele>1324.976790171024</ele>
        <time>2026-01-02T09:49:28.439Z</time>
      </trkpt>
      <trkpt lat="46.46103548895226" lon="11.034926799388927">
        <ele>1324.976790171024</ele>
        <time>2026-01-02T09:49:28.439Z</time>
      </trkpt>
      <trkpt lat="46.46103341217537" lon="11.034869282388541">
        <ele>1325.4006430637367</ele>
        <time>2026-01-02T09:49:33.105Z</time>
      </trkpt>
      <trkpt lat="46.46103341217537" lon="11.034869282388541">
        <ele>1325.4006430637367</ele>
        <time>2026-01-02T09:49:33.105Z</time>
      </trkpt>
      <trkpt lat="46.46108647930339" lon="11.03453472225101">
        <ele>1330.421070936691</ele>
        <time>2026-01-02T09:50:00.879Z</time>
      </trkpt>
      <trkpt lat="46.46108647930339" lon="11.03453472225101">
        <ele>1330.421070936691</ele>
        <time>2026-01-02T09:50:00.879Z</time>
      </trkpt>
      <trkpt lat="46.46117013388687" lon="11.034217196124303">
        <ele>1337.2190728591768</ele>
        <time>2026-01-02T09:50:28.312Z</time>
      </trkpt>
      <trkpt lat="46.46117013388687" lon="11.034217196124303">
        <ele>1337.2190728591768</ele>
        <time>2026-01-02T09:50:28.312Z</time>
      </trkpt>
      <trkpt lat="46.46118130420328" lon="11.03413849740113">
        <ele>1339.0584346417345</ele>
        <time>2026-01-02T09:50:33.892Z</time>
      </trkpt>
      <trkpt lat="46.46118130420328" lon="11.03413849740113">
        <ele>1339.0584346417345</ele>
        <time>2026-01-02T09:50:33.892Z</time>
      </trkpt>
      <trkpt lat="46.461174086739504" lon="11.034059657637329">
        <ele>1341.184929522054</ele>
        <time>2026-01-02T09:50:39.403Z</time>
      </trkpt>
      <trkpt lat="46.461174086739504" lon="11.034059657637329">
        <ele>1341.184929522054</ele>
        <time>2026-01-02T09:50:39.403Z</time>
      </trkpt>
      <trkpt lat="46.46109512396691" lon="11.033921034968358">
        <ele>1343.9799830106565</ele>
        <time>2026-01-02T09:50:51.854Z</time>
      </trkpt>
      <trkpt lat="46.46109512396691" lon="11.033921034968358">
        <ele>1343.9799830106565</ele>
        <time>2026-01-02T09:50:51.854Z</time>
      </trkpt>
      <trkpt lat="46.46106155693499" lon="11.033790191629862">
        <ele>1347.3369119008075</ele>
        <time>2026-01-02T09:51:01.514Z</time>
      </trkpt>
      <trkpt lat="46.46106155693499" lon="11.033790191629862">
        <ele>1347.3369119008075</ele>
        <time>2026-01-02T09:51:01.514Z</time>
      </trkpt>
      <trkpt lat="46.46105342357512" lon="11.033703552976704">
        <ele>1349.6632095307589</ele>
        <time>2026-01-02T09:51:07.560Z</time>
      </trkpt>
      <trkpt lat="46.46105342357512" lon="11.033703552976704">
        <ele>1349.6632095307589</ele>
        <time>2026-01-02T09:51:07.560Z</time>
      </trkpt>
      <trkpt lat="46.461059692815155" lon="11.03354396102452">
        <ele>1354.199948454649</ele>
        <time>2026-01-02T09:51:18.116Z</time>
      </trkpt>
      <trkpt lat="46.461059692815155" lon="11.03354396102452">
        <ele>1354.199948454649</ele>
        <time>2026-01-02T09:51:18.116Z</time>
      </trkpt>
      <trkpt lat="46.461081387446086" lon="11.033441173817607">
        <ele>1356.6657023038722</ele>
        <time>2026-01-02T09:51:25.215Z</time>
      </trkpt>
      <trkpt lat="46.461081387446086" lon="11.033441173817607">
        <ele>1356.6657023038722</ele>
        <time>2026-01-02T09:51:25.215Z</time>
      </trkpt>
      <trkpt lat="46.46111738637447" lon="11.033286920413218">
        <ele>1360.184131118901</ele>
        <time>2026-01-02T09:51:35.969Z</time>
      </trkpt>
      <trkpt lat="46.46111738637447" lon="11.033286920413218">
        <ele>1360.184131118901</ele>
        <time>2026-01-02T09:51:35.969Z</time>
      </trkpt>
      <trkpt lat="46.46118595613234" lon="11.033068976881225">
        <ele>1364.7812616655153</ele>
        <time>2026-01-02T09:51:51.790Z</time>
      </trkpt>
      <trkpt lat="46.46124594461935" lon="11.032962709748963">
        <ele>1367.0567904938487</ele>
        <time>2026-01-02T09:52:00.862Z</time>
      </trkpt>
      <trkpt lat="46.46124594461935" lon="11.032962709748963">
        <ele>1359.7988881869242</ele>
        <time>2026-01-02T09:52:00.862Z</time>
      </trkpt>
      <trkpt lat="46.46124594461935" lon="11.032962709748963">
        <ele>1367.0567904938487</ele>
        <time>2026-01-02T09:52:00.862Z</time>
      </trkpt>
      <trkpt lat="46.46127271591169" lon="11.032907764945236">
        <ele>1368.0187894267501</ele>
        <time>2026-01-02T09:52:05.281Z</time>
      </trkpt>
      <trkpt lat="46.46160296705464" lon="11.032464746913952">
        <ele>1372.3397036252588</ele>
        <time>2026-01-02T09:52:48.148Z</time>
      </trkpt>
      <trkpt lat="46.46165312110635" lon="11.03239746736103">
        <ele>1373.098683179357</ele>
        <time>2026-01-02T09:52:54.658Z</time>
      </trkpt>
      <trkpt lat="46.46165312110635" lon="11.03239746736103">
        <ele>1364.4309785449877</ele>
        <time>2026-01-02T09:52:54.658Z</time>
      </trkpt>
      <trkpt lat="46.46165312110635" lon="11.03239746736103">
        <ele>1373.098683179357</ele>
        <time>2026-01-02T09:52:54.658Z</time>
      </trkpt>
      <trkpt lat="46.461667015380385" lon="11.032326902796314">
        <ele>1373.5648669937868</ele>
        <time>2026-01-02T09:53:00.911Z</time>
      </trkpt>
      <trkpt lat="46.461667015380385" lon="11.032326902796314">
        <ele>1373.5648669937868</ele>
        <time>2026-01-02T09:53:00.911Z</time>
      </trkpt>
      <trkpt lat="46.46164298066199" lon="11.03203819160666">
        <ele>1378.8032915944218</ele>
        <time>2026-01-02T09:53:27.372Z</time>
      </trkpt>
      <trkpt lat="46.46164298066199" lon="11.03203819160666">
        <ele>1378.8032915944218</ele>
        <time>2026-01-02T09:53:27.372Z</time>
      </trkpt>
      <trkpt lat="46.46161346819693" lon="11.031940422640275">
        <ele>1381.3196251051704</ele>
        <time>2026-01-02T09:53:37.079Z</time>
      </trkpt>
      <trkpt lat="46.46161346819693" lon="11.031940422640275">
        <ele>1381.3196251051704</ele>
        <time>2026-01-02T09:53:37.079Z</time>
      </trkpt>
      <trkpt lat="46.46154320859853" lon="11.031879597058236">
        <ele>1383.2811200772471</ele>
        <time>2026-01-02T09:53:47.871Z</time>
      </trkpt>
      <trkpt lat="46.46154320859853" lon="11.031879597058236">
        <ele>1383.2811200772471</ele>
        <time>2026-01-02T09:53:47.871Z</time>
      </trkpt>
      <trkpt lat="46.461105818966814" lon="11.031742267260853">
        <ele>1384.0332585380063</ele>
        <time>2026-01-02T09:54:46.901Z</time>
      </trkpt>
      <trkpt lat="46.461105818966814" lon="11.031742267260853">
        <ele>1384.0332585380063</ele>
        <time>2026-01-02T09:54:46.901Z</time>
      </trkpt>
      <trkpt lat="46.4609131593956" lon="11.031654503941724">
        <ele>1384.6188194399713</ele>
        <time>2026-01-02T09:55:13.429Z</time>
      </trkpt>
      <trkpt lat="46.4609131593956" lon="11.031654503941724">
        <ele>1384.6188194399713</ele>
        <time>2026-01-02T09:55:13.429Z</time>
      </trkpt>
      <trkpt lat="46.46078565074086" lon="11.031526909279364">
        <ele>1388.4098263670235</ele>
        <time>2026-01-02T09:55:33.691Z</time>
      </trkpt>
      <trkpt lat="46.46078565074086" lon="11.031526909279364">
        <ele>1388.4098263670235</ele>
        <time>2026-01-02T09:55:33.691Z</time>
      </trkpt>
      <trkpt lat="46.460714942792805" lon="11.031468721565886">
        <ele>1390.4480292373241</ele>
        <time>2026-01-02T09:55:44.320Z</time>
      </trkpt>
      <trkpt lat="46.460714942792805" lon="11.031468721565886">
        <ele>1390.4480292373241</ele>
        <time>2026-01-02T09:55:44.320Z</time>
      </trkpt>
      <trkpt lat="46.46064876406297" lon="11.031447632479285">
        <ele>1391.7175097463291</ele>
        <time>2026-01-02T09:55:53.177Z</time>
      </trkpt>
      <trkpt lat="46.46064876406297" lon="11.031447632479285">
        <ele>1391.7175097463291</ele>
        <time>2026-01-02T09:55:53.177Z</time>
      </trkpt>
      <trkpt lat="46.46057701913591" lon="11.031442176190353">
        <ele>1392.9797977348874</ele>
        <time>2026-01-02T09:56:00.932Z</time>
      </trkpt>
      <trkpt lat="46.46057701913591" lon="11.031442176190353">
        <ele>1392.9797977348874</ele>
        <time>2026-01-02T09:56:00.932Z</time>
      </trkpt>
      <trkpt lat="46.46053180584059" lon="11.03142509131635">
        <ele>1394.07811179408</ele>
        <time>2026-01-02T09:56:05.903Z</time>
      </trkpt>
      <trkpt lat="46.46053180584059" lon="11.03142509131635">
        <ele>1394.07811179408</ele>
        <time>2026-01-02T09:56:05.903Z</time>
      </trkpt>
      <trkpt lat="46.46048374214226" lon="11.031379807480818">
        <ele>1395.7620286422182</ele>
        <time>2026-01-02T09:56:11.957Z</time>
      </trkpt>
      <trkpt lat="46.46048374214226" lon="11.031379807480818">
        <ele>1395.7620286422182</ele>
        <time>2026-01-02T09:56:11.957Z</time>
      </trkpt>
      <trkpt lat="46.46046392444208" lon="11.031321865816608">
        <ele>1397.1595786533214</ele>
        <time>2026-01-02T09:56:16.678Z</time>
      </trkpt>
      <trkpt lat="46.46046392444208" lon="11.031321865816608">
        <ele>1397.1595786533214</ele>
        <time>2026-01-02T09:56:16.678Z</time>
      </trkpt>
      <trkpt lat="46.46046077394311" lon="11.031232022226959">
        <ele>1398.4970315159233</ele>
        <time>2026-01-02T09:56:23.240Z</time>
      </trkpt>
      <trkpt lat="46.46046077394311" lon="11.031232022226959">
        <ele>1398.4970315159233</ele>
        <time>2026-01-02T09:56:23.240Z</time>
      </trkpt>
      <trkpt lat="46.460475875677986" lon="11.031138274957527">
        <ele>1399.6192761711534</ele>
        <time>2026-01-02T09:56:30.256Z</time>
      </trkpt>
      <trkpt lat="46.460475875677986" lon="11.031138274957527">
        <ele>1399.6192761711534</ele>
        <time>2026-01-02T09:56:30.256Z</time>
      </trkpt>
      <trkpt lat="46.460554754121546" lon="11.030838842143226">
        <ele>1402.741532993174</ele>
        <time>2026-01-02T09:56:53.618Z</time>
      </trkpt>
      <trkpt lat="46.460554754121546" lon="11.030838842143226">
        <ele>1402.741532993174</ele>
        <time>2026-01-02T09:56:53.618Z</time>
      </trkpt>
      <trkpt lat="46.46069798386037" lon="11.030586448276182">
        <ele>1406.0831060139235</ele>
        <time>2026-01-02T09:57:17.447Z</time>
      </trkpt>
      <trkpt lat="46.46069798386037" lon="11.030586448276182">
        <ele>1406.0831060139235</ele>
        <time>2026-01-02T09:57:17.447Z</time>
      </trkpt>
      <trkpt lat="46.46080882093588" lon="11.030419989788697">
        <ele>1408.8984720712522</ele>
        <time>2026-01-02T09:57:34.317Z</time>
      </trkpt>
      <trkpt lat="46.460862153601305" lon="11.030330845034811">
        <ele>1410.185707283053</ele>
        <time>2026-01-02T09:57:42.894Z</time>
      </trkpt>
      <trkpt lat="46.460862153601305" lon="11.030330845034811">
        <ele>1410.5641667649065</ele>
        <time>2026-01-02T09:57:42.894Z</time>
      </trkpt>
      <trkpt lat="46.46087385865164" lon="11.030233628201529">
        <ele>1413</ele>
        <time>2026-01-02T09:57:50.030Z</time>
      </trkpt>
      <trkpt lat="46.46087385865164" lon="11.030233628201529">
        <ele>1413</ele>
        <time>2026-01-02T09:57:50.030Z</time>
      </trkpt>
      <trkpt lat="46.46090148691957" lon="11.03011183972788">
        <ele>1414.3241257583722</ele>
        <time>2026-01-02T09:57:58.518Z</time>
      </trkpt>
      <trkpt lat="46.46090148691957" lon="11.03011183972788">
        <ele>1414.3241257583722</ele>
        <time>2026-01-02T09:57:58.518Z</time>
      </trkpt>
      <trkpt lat="46.461055124756086" lon="11.029922524188635">
        <ele>1416.4987813835735</ele>
        <time>2026-01-02T09:58:17.885Z</time>
      </trkpt>
      <trkpt lat="46.461055124756086" lon="11.029922524188635">
        <ele>1416.4987813835735</ele>
        <time>2026-01-02T09:58:17.885Z</time>
      </trkpt>
      <trkpt lat="46.46145435267277" lon="11.029622152930498">
        <ele>1418.2139642061363</ele>
        <time>2026-01-02T09:59:01.099Z</time>
      </trkpt>
      <trkpt lat="46.461551189285046" lon="11.029549294961782">
        <ele>1417.8972186862495</ele>
        <time>2026-01-02T09:59:12.488Z</time>
      </trkpt>
      <trkpt lat="46.461551189285046" lon="11.029549294961782">
        <ele>1417.8972186862495</ele>
        <time>2026-01-02T09:59:12.488Z</time>
      </trkpt>
      <trkpt lat="46.46161403621832" lon="11.029468136709681">
        <ele>1417.9901066212453</ele>
        <time>2026-01-02T09:59:21.270Z</time>
      </trkpt>
      <trkpt lat="46.46161403621832" lon="11.029468136709681">
        <ele>1417.9901066212453</ele>
        <time>2026-01-02T09:59:21.270Z</time>
      </trkpt>
      <trkpt lat="46.46175502667961" lon="11.029181857100696">
        <ele>1420.4946610701738</ele>
        <time>2026-01-02T09:59:46.477Z</time>
      </trkpt>
      <trkpt lat="46.46175502667961" lon="11.029181857100696">
        <ele>1420.4946610701738</ele>
        <time>2026-01-02T09:59:46.477Z</time>
      </trkpt>
      <trkpt lat="46.461831797331484" lon="11.028786050501822">
        <ele>1428.1496633783686</ele>
        <time>2026-01-02T10:00:12.138Z</time>
      </trkpt>
      <trkpt lat="46.461831797331484" lon="11.028786050501822">
        <ele>1428.1496633783686</ele>
        <time>2026-01-02T10:00:12.138Z</time>
      </trkpt>
      <trkpt lat="46.46211712537087" lon="11.028358604437102">
        <ele>1430.3270379406408</ele>
        <time>2026-01-02T10:00:49.762Z</time>
      </trkpt>
      <trkpt lat="46.46211712537087" lon="11.028358604437102">
        <ele>1430.3270379406408</ele>
        <time>2026-01-02T10:00:49.762Z</time>
      </trkpt>
      <trkpt lat="46.4623607022089" lon="11.027809886857224">
        <ele>1431.0774693644614</ele>
        <time>2026-01-02T10:01:31.024Z</time>
      </trkpt>
      <trkpt lat="46.4624050234132" lon="11.027710042290067">
        <ele>1430.5404214677749</ele>
        <time>2026-01-02T10:01:38.892Z</time>
      </trkpt>
      <trkpt lat="46.4624050234132" lon="11.027710042290067">
        <ele>1430.5404214677749</ele>
        <time>2026-01-02T10:01:38.892Z</time>
      </trkpt>
      <trkpt lat="46.462571819232664" lon="11.027329053504815">
        <ele>1428.7671700825913</ele>
        <time>2026-01-02T10:02:08.982Z</time>
      </trkpt>
      <trkpt lat="46.462571819232664" lon="11.027329053504815">
        <ele>1428.7671700825913</ele>
        <time>2026-01-02T10:02:08.982Z</time>
      </trkpt>
      <trkpt lat="46.46281627316918" lon="11.026781153344396">
        <ele>1431.3169316619826</ele>
        <time>2026-01-02T10:02:52.494Z</time>
      </trkpt>
      <trkpt lat="46.462989959574486" lon="11.0263918660591">
        <ele>1433.0065729646437</ele>
        <time>2026-01-02T10:03:23.404Z</time>
      </trkpt>
      <trkpt lat="46.462989959574486" lon="11.0263918660591">
        <ele>1433.0065729646437</ele>
        <time>2026-01-02T10:03:23.404Z</time>
      </trkpt>
      <trkpt lat="46.462999711399874" lon="11.026126468618259">
        <ele>1433.9525991926712</ele>
        <time>2026-01-02T10:03:41.116Z</time>
      </trkpt>
      <trkpt lat="46.462999711399874" lon="11.026126468618259">
        <ele>1433.9525991926712</ele>
        <time>2026-01-02T10:03:41.116Z</time>
      </trkpt>
      <trkpt lat="46.46313093327785" lon="11.025741106962556">
        <ele>1433.1003469897794</ele>
        <time>2026-01-02T10:04:09.749Z</time>
      </trkpt>
      <trkpt lat="46.46313093327785" lon="11.025741106962556">
        <ele>1433.1003469897794</ele>
        <time>2026-01-02T10:04:09.749Z</time>
      </trkpt>
      <trkpt lat="46.463189701115425" lon="11.025351459995505">
        <ele>1435.6051536860919</ele>
        <time>2026-01-02T10:04:40.274Z</time>
      </trkpt>
      <trkpt lat="46.463189701115425" lon="11.025351459995505">
        <ele>1435.6051536860919</ele>
        <time>2026-01-02T10:04:40.274Z</time>
      </trkpt>
      <trkpt lat="46.46340767628351" lon="11.024912530533385">
        <ele>1437.0074158924267</ele>
        <time>2026-01-02T10:05:21.679Z</time>
      </trkpt>
      <trkpt lat="46.46340767628351" lon="11.024912530533385">
        <ele>1437.0074158924267</ele>
        <time>2026-01-02T10:05:21.679Z</time>
      </trkpt>
      <trkpt lat="46.4637490660363" lon="11.0244876618608">
        <ele>1441.2520955313464</ele>
        <time>2026-01-02T10:06:11.630Z</time>
      </trkpt>
      <trkpt lat="46.463941675640626" lon="11.024247954059831">
        <ele>1447.8624777037403</ele>
        <time>2026-01-02T10:06:39.804Z</time>
      </trkpt>
      <trkpt lat="46.463941675640626" lon="11.024247954059831">
        <ele>1447.8624777037403</ele>
        <time>2026-01-02T10:06:39.804Z</time>
      </trkpt>
      <trkpt lat="46.46415805163761" lon="11.023988081178231">
        <ele>1453.1762728839758</ele>
        <time>2026-01-02T10:07:10.984Z</time>
      </trkpt>
      <trkpt lat="46.46415805163761" lon="11.023988081178231">
        <ele>1453.1762728839758</ele>
        <time>2026-01-02T10:07:10.984Z</time>
      </trkpt>
      <trkpt lat="46.46426980714884" lon="11.023844866542788">
        <ele>1455.6740508862317</ele>
        <time>2026-01-02T10:07:27.530Z</time>
      </trkpt>
      <trkpt lat="46.46426980714884" lon="11.023844866542788">
        <ele>1455.6740508862317</ele>
        <time>2026-01-02T10:07:27.530Z</time>
      </trkpt>
      <trkpt lat="46.464521099812146" lon="11.023454333254222">
        <ele>1460.5558798190052</ele>
        <time>2026-01-02T10:08:03.226Z</time>
      </trkpt>
      <trkpt lat="46.464521099812146" lon="11.023454333254222">
        <ele>1460.5558798190052</ele>
        <time>2026-01-02T10:08:03.226Z</time>
      </trkpt>
      <trkpt lat="46.464513639918465" lon="11.023442227501022">
        <ele>1460.5782729424277</ele>
        <time>2026-01-02T10:08:04.310Z</time>
      </trkpt>
      <trkpt lat="46.46431519644702" lon="11.023486157826198">
        <ele>1459.2982860584343</ele>
        <time>2026-01-02T10:08:23.775Z</time>
      </trkpt>
      <trkpt lat="46.46431519644702" lon="11.023486157826198">
        <ele>1459.2982860584343</ele>
        <time>2026-01-02T10:08:23.775Z</time>
      </trkpt>
      <trkpt lat="46.46431519644702" lon="11.023486157826198">
        <ele>1459.2982860584343</ele>
        <time>2026-01-02T10:08:23.775Z</time>
      </trkpt>
      <trkpt lat="46.464155442595484" lon="11.02356475186582">
        <ele>1457.0356334421458</ele>
        <time>2026-01-02T10:08:38.584Z</time>
      </trkpt>
      <trkpt lat="46.464155442595484" lon="11.02356475186582">
        <ele>1457.0356334421458</ele>
        <time>2026-01-02T10:08:38.584Z</time>
      </trkpt>
      <trkpt lat="46.4640474187224" lon="11.023642852216653">
        <ele>1455.1505802863185</ele>
        <time>2026-01-02T10:08:49.179Z</time>
      </trkpt>
      <trkpt lat="46.4640474187224" lon="11.023642852216653">
        <ele>1455.1505802863185</ele>
        <time>2026-01-02T10:08:49.179Z</time>
      </trkpt>
      <trkpt lat="46.46392408404512" lon="11.023694862520756">
        <ele>1453.3025920330551</ele>
        <time>2026-01-02T10:09:00.455Z</time>
      </trkpt>
      <trkpt lat="46.46392408404512" lon="11.023694862520756">
        <ele>1453.3025920330551</ele>
        <time>2026-01-02T10:09:00.455Z</time>
      </trkpt>
      <trkpt lat="46.463860009593105" lon="11.023704473866758">
        <ele>1452.0132518538749</ele>
        <time>2026-01-02T10:09:06.114Z</time>
      </trkpt>
      <trkpt lat="46.463860009593105" lon="11.023704473866758">
        <ele>1452.0132518538749</ele>
        <time>2026-01-02T10:09:06.114Z</time>
      </trkpt>
      <trkpt lat="46.46372268156611" lon="11.02369598946973">
        <ele>1449.320151308457</ele>
        <time>2026-01-02T10:09:18.193Z</time>
      </trkpt>
      <trkpt lat="46.46372268156611" lon="11.02369598946973">
        <ele>1449.320151308457</ele>
        <time>2026-01-02T10:09:18.193Z</time>
      </trkpt>
      <trkpt lat="46.46364280984204" lon="11.023712547759999">
        <ele>1448.598829486601</ele>
        <time>2026-01-02T10:09:25.284Z</time>
      </trkpt>
      <trkpt lat="46.46364280984204" lon="11.023712547759999">
        <ele>1448.598829486601</ele>
        <time>2026-01-02T10:09:25.284Z</time>
      </trkpt>
      <trkpt lat="46.463442007465005" lon="11.023789287018218">
        <ele>1447.593852622409</ele>
        <time>2026-01-02T10:09:43.552Z</time>
      </trkpt>
      <trkpt lat="46.463442007465005" lon="11.023789287018218">
        <ele>1447.593852622409</ele>
        <time>2026-01-02T10:09:43.552Z</time>
      </trkpt>
      <trkpt lat="46.463132099074045" lon="11.02393456456133">
        <ele>1447.6258027758151</ele>
        <time>2026-01-02T10:10:14.128Z</time>
      </trkpt>
      <trkpt lat="46.463132099074045" lon="11.02393456456133">
        <ele>1447.6258027758151</ele>
        <time>2026-01-02T10:10:14.128Z</time>
      </trkpt>
      <trkpt lat="46.46301928717406" lon="11.024016812581038">
        <ele>1448.5268429273747</ele>
        <time>2026-01-02T10:10:25.980Z</time>
      </trkpt>
      <trkpt lat="46.46301928717406" lon="11.024016812581038">
        <ele>1448.5268429273747</ele>
        <time>2026-01-02T10:10:25.980Z</time>
      </trkpt>
      <trkpt lat="46.46299426627871" lon="11.02405797760818">
        <ele>1448.9330889554706</ele>
        <time>2026-01-02T10:10:29.530Z</time>
      </trkpt>
      <trkpt lat="46.46299426627871" lon="11.02405797760818">
        <ele>1448.9330889554706</ele>
        <time>2026-01-02T10:10:29.530Z</time>
      </trkpt>
      <trkpt lat="46.46286396004743" lon="11.024236046665692">
        <ele>1449.1559562336754</ele>
        <time>2026-01-02T10:10:46.331Z</time>
      </trkpt>
      <trkpt lat="46.46273552857393" lon="11.024376876556012">
        <ele>1449.0176874248486</ele>
        <time>2026-01-02T10:10:59.348Z</time>
      </trkpt>
      <trkpt lat="46.46273552857393" lon="11.024376876556012">
        <ele>1449.1007688714199</ele>
        <time>2026-01-02T10:10:59.348Z</time>
      </trkpt>
      <trkpt lat="46.462608081516805" lon="11.024483349009785">
        <ele>1448.561963825232</ele>
        <time>2026-01-02T10:11:11.240Z</time>
      </trkpt>
      <trkpt lat="46.46254377658069" lon="11.024527490131973">
        <ele>1447.8824490262825</ele>
        <time>2026-01-02T10:11:17.002Z</time>
      </trkpt>
      <trkpt lat="46.46254377658069" lon="11.024527490131973">
        <ele>1447.8298784962042</ele>
        <time>2026-01-02T10:11:17.002Z</time>
      </trkpt>
      <trkpt lat="46.46235289713468" lon="11.024618455764283">
        <ele>1445.6622840689242</ele>
        <time>2026-01-02T10:11:33.326Z</time>
      </trkpt>
      <trkpt lat="46.46235289713468" lon="11.024618455764283">
        <ele>1445.6622840689242</ele>
        <time>2026-01-02T10:11:33.326Z</time>
      </trkpt>
      <trkpt lat="46.46224642017228" lon="11.024693826147939">
        <ele>1444.6397646487371</ele>
        <time>2026-01-02T10:11:43.198Z</time>
      </trkpt>
      <trkpt lat="46.46224642017228" lon="11.024693826147939">
        <ele>1444.6397646487371</ele>
        <time>2026-01-02T10:11:43.198Z</time>
      </trkpt>
      <trkpt lat="46.46218415331029" lon="11.02476109446144">
        <ele>1444.0063279557244</ele>
        <time>2026-01-02T10:11:49.667Z</time>
      </trkpt>
      <trkpt lat="46.46218415331029" lon="11.02476109446144">
        <ele>1444.0063279557244</ele>
        <time>2026-01-02T10:11:49.667Z</time>
      </trkpt>
      <trkpt lat="46.46212050782012" lon="11.024872784924185">
        <ele>1443.7843995379933</ele>
        <time>2026-01-02T10:11:57.989Z</time>
      </trkpt>
      <trkpt lat="46.46212050782012" lon="11.024872784924185">
        <ele>1443.7843995379933</ele>
        <time>2026-01-02T10:11:57.989Z</time>
      </trkpt>
      <trkpt lat="46.462083844574835" lon="11.024964707426022">
        <ele>1444.002004567751</ele>
        <time>2026-01-02T10:12:04.098Z</time>
      </trkpt>
      <trkpt lat="46.462083844574835" lon="11.024964707426022">
        <ele>1444.002004567751</ele>
        <time>2026-01-02T10:12:04.098Z</time>
      </trkpt>
      <trkpt lat="46.462001790523885" lon="11.025266157061111">
        <ele>1445.5426101964902</ele>
        <time>2026-01-02T10:12:22.747Z</time>
      </trkpt>
      <trkpt lat="46.462001790523885" lon="11.025266157061111">
        <ele>1445.5426101964902</ele>
        <time>2026-01-02T10:12:22.747Z</time>
      </trkpt>
      <trkpt lat="46.46194702574087" lon="11.02539218785003">
        <ele>1445.7001205753986</ele>
        <time>2026-01-02T10:12:31.320Z</time>
      </trkpt>
      <trkpt lat="46.46182712389959" lon="11.025579879259231">
        <ele>1445.5439052999827</ele>
        <time>2026-01-02T10:12:48.717Z</time>
      </trkpt>
      <trkpt lat="46.46182712389959" lon="11.025579879259231">
        <ele>1445.671809181922</ele>
        <time>2026-01-02T10:12:48.717Z</time>
      </trkpt>
      <trkpt lat="46.46169379463561" lon="11.025753288342457">
        <ele>1444.8793720504864</ele>
        <time>2026-01-02T10:13:06.378Z</time>
      </trkpt>
      <trkpt lat="46.46169379463561" lon="11.025753288342457">
        <ele>1444.8793720504864</ele>
        <time>2026-01-02T10:13:06.378Z</time>
      </trkpt>
      <trkpt lat="46.461608051538576" lon="11.025832895508358">
        <ele>1443.743054995161</ele>
        <time>2026-01-02T10:13:16.419Z</time>
      </trkpt>
      <trkpt lat="46.461608051538576" lon="11.025832895508358">
        <ele>1443.743054995161</ele>
        <time>2026-01-02T10:13:16.419Z</time>
      </trkpt>
      <trkpt lat="46.461313705973964" lon="11.026033658995374">
        <ele>1439.3636715489883</ele>
        <time>2026-01-02T10:13:48.503Z</time>
      </trkpt>
      <trkpt lat="46.461313705973964" lon="11.026033658995374">
        <ele>1439.3636715489883</ele>
        <time>2026-01-02T10:13:48.503Z</time>
      </trkpt>
      <trkpt lat="46.461015624865865" lon="11.026232983507782">
        <ele>1433.3887731221048</ele>
        <time>2026-01-02T10:14:20.879Z</time>
      </trkpt>
      <trkpt lat="46.461015624865865" lon="11.026232983507782">
        <ele>1433.3887731221048</ele>
        <time>2026-01-02T10:14:20.879Z</time>
      </trkpt>
      <trkpt lat="46.460888797184936" lon="11.026314069644826">
        <ele>1430.4298722145072</ele>
        <time>2026-01-02T10:14:32.470Z</time>
      </trkpt>
      <trkpt lat="46.460888797184936" lon="11.026314069644826">
        <ele>1430.4298722145072</ele>
        <time>2026-01-02T10:14:32.470Z</time>
      </trkpt>
      <trkpt lat="46.460504207119186" lon="11.026634337748732">
        <ele>1428.8306790348524</ele>
        <time>2026-01-02T10:15:09.555Z</time>
      </trkpt>
      <trkpt lat="46.460504207119186" lon="11.026634337748732">
        <ele>1428.8306790348524</ele>
        <time>2026-01-02T10:15:09.555Z</time>
      </trkpt>
      <trkpt lat="46.46041441676178" lon="11.02669829265946">
        <ele>1430.078793916752</ele>
        <time>2026-01-02T10:15:17.920Z</time>
      </trkpt>
      <trkpt lat="46.46041441676178" lon="11.02669829265946">
        <ele>1430.078793916752</ele>
        <time>2026-01-02T10:15:17.920Z</time>
      </trkpt>
      <trkpt lat="46.460254373051725" lon="11.026865816679276">
        <ele>1432.0782329330611</ele>
        <time>2026-01-02T10:15:34.424Z</time>
      </trkpt>
      <trkpt lat="46.460254373051725" lon="11.026865816679276">
        <ele>1432.0782329330611</ele>
        <time>2026-01-02T10:15:34.424Z</time>
      </trkpt>
      <trkpt lat="46.459925007060235" lon="11.027141341196938">
        <ele>1432.363322549988</ele>
        <time>2026-01-02T10:16:06.229Z</time>
      </trkpt>
      <trkpt lat="46.459925007060235" lon="11.027141341196938">
        <ele>1432.363322549988</ele>
        <time>2026-01-02T10:16:06.229Z</time>
      </trkpt>
      <trkpt lat="46.45975906834036" lon="11.027264411853139">
        <ele>1434.5946809291295</ele>
        <time>2026-01-02T10:16:21.821Z</time>
      </trkpt>
      <trkpt lat="46.45975906834036" lon="11.027264411853139">
        <ele>1434.5946809291295</ele>
        <time>2026-01-02T10:16:21.821Z</time>
      </trkpt>
      <trkpt lat="46.45953260478848" lon="11.027476824145424">
        <ele>1438.727928963706</ele>
        <time>2026-01-02T10:16:44.381Z</time>
      </trkpt>
      <trkpt lat="46.459322574754104" lon="11.027708427948738">
        <ele>1440.7893370276843</ele>
        <time>2026-01-02T10:17:05.931Z</time>
      </trkpt>
      <trkpt lat="46.459322574754104" lon="11.027708427948738">
        <ele>1440.8695446318013</ele>
        <time>2026-01-02T10:17:05.931Z</time>
      </trkpt>
      <trkpt lat="46.45924080202977" lon="11.027777032816715">
        <ele>1441.4809064936362</ele>
        <time>2026-01-02T10:17:13.648Z</time>
      </trkpt>
      <trkpt lat="46.45899683862013" lon="11.027854960362905">
        <ele>1443.1826772613838</ele>
        <time>2026-01-02T10:17:34.065Z</time>
      </trkpt>
      <trkpt lat="46.45899683862013" lon="11.027854960362905">
        <ele>1442.9417835783224</ele>
        <time>2026-01-02T10:17:34.065Z</time>
      </trkpt>
      <trkpt lat="46.458680430697655" lon="11.027921387839086">
        <ele>1445.2566312783288</ele>
        <time>2026-01-02T10:18:00.206Z</time>
      </trkpt>
      <trkpt lat="46.458680430697655" lon="11.027921387839086">
        <ele>1445.2566312783288</ele>
        <time>2026-01-02T10:18:00.206Z</time>
      </trkpt>
      <trkpt lat="46.4585044232218" lon="11.02797185607659">
        <ele>1445.0962595862522</ele>
        <time>2026-01-02T10:18:14.562Z</time>
      </trkpt>
      <trkpt lat="46.4585044232218" lon="11.02797185607659">
        <ele>1445.0962595862522</ele>
        <time>2026-01-02T10:18:14.562Z</time>
      </trkpt>
      <trkpt lat="46.45828790241504" lon="11.02807700172849">
        <ele>1444.798477778612</ele>
        <time>2026-01-02T10:18:32.831Z</time>
      </trkpt>
      <trkpt lat="46.45816134759752" lon="11.028148919393118">
        <ele>1444.8243338609152</ele>
        <time>2026-01-02T10:18:43.708Z</time>
      </trkpt>
      <trkpt lat="46.45816134759752" lon="11.028148919393118">
        <ele>1444.9321308814208</ele>
        <time>2026-01-02T10:18:43.708Z</time>
      </trkpt>
      <trkpt lat="46.45804452834972" lon="11.028245757651689">
        <ele>1445.3625578976653</ele>
        <time>2026-01-02T10:18:54.476Z</time>
      </trkpt>
      <trkpt lat="46.45804452834972" lon="11.028245757651689">
        <ele>1445.3625578976653</ele>
        <time>2026-01-02T10:18:54.476Z</time>
      </trkpt>
      <trkpt lat="46.45766095566546" lon="11.02848306047406">
        <ele>1441.3906896122924</ele>
        <time>2026-01-02T10:19:27.877Z</time>
      </trkpt>
      <trkpt lat="46.45766095566546" lon="11.02848306047406">
        <ele>1441.3906896122924</ele>
        <time>2026-01-02T10:19:27.877Z</time>
      </trkpt>
      <trkpt lat="46.45724834437639" lon="11.028742512897743">
        <ele>1437.0903804622371</ele>
        <time>2026-01-02T10:20:03.898Z</time>
      </trkpt>
      <trkpt lat="46.45722057243961" lon="11.028759976056165">
        <ele>1436.9082776959076</ele>
        <time>2026-01-02T10:20:06.263Z</time>
      </trkpt>
      <trkpt lat="46.45722057243961" lon="11.028759976056165">
        <ele>1436.9082776959076</ele>
        <time>2026-01-02T10:20:06.263Z</time>
      </trkpt>
      <trkpt lat="46.45689940005025" lon="11.028885525156">
        <ele>1435.1603366612467</ele>
        <time>2026-01-02T10:20:32.277Z</time>
      </trkpt>
      <trkpt lat="46.45689940005025" lon="11.028885525156">
        <ele>1435.1603366612467</ele>
        <time>2026-01-02T10:20:32.277Z</time>
      </trkpt>
      <trkpt lat="46.456838088936166" lon="11.028910342385416">
        <ele>1434.6818676299417</ele>
        <time>2026-01-02T10:20:37.262Z</time>
      </trkpt>
      <trkpt lat="46.456838088936166" lon="11.028910342385416">
        <ele>1434.6818676299417</ele>
        <time>2026-01-02T10:20:37.262Z</time>
      </trkpt>
      <trkpt lat="46.456575748731495" lon="11.029058162869461">
        <ele>1432.3390343311105</ele>
        <time>2026-01-02T10:21:03.506Z</time>
      </trkpt>
      <trkpt lat="46.456575748731495" lon="11.029058162869461">
        <ele>1432.3390343311105</ele>
        <time>2026-01-02T10:21:03.506Z</time>
      </trkpt>
      <trkpt lat="46.45619139065029" lon="11.02939692201487">
        <ele>1429.0305807745794</ele>
        <time>2026-01-02T10:21:45.441Z</time>
      </trkpt>
      <trkpt lat="46.456190713754125" lon="11.029397518606373">
        <ele>1429.0254298993166</ele>
        <time>2026-01-02T10:21:45.514Z</time>
      </trkpt>
      <trkpt lat="46.456190713754125" lon="11.029397518606373">
        <ele>1429.0254298993166</ele>
        <time>2026-01-02T10:21:45.514Z</time>
      </trkpt>
      <trkpt lat="46.45612619803151" lon="11.029398038148912">
        <ele>1427.689059653379</ele>
        <time>2026-01-02T10:21:51.532Z</time>
      </trkpt>
      <trkpt lat="46.45612619803151" lon="11.029398038148912">
        <ele>1427.689059653379</ele>
        <time>2026-01-02T10:21:51.532Z</time>
      </trkpt>
      <trkpt lat="46.456091278887556" lon="11.02939599482005">
        <ele>1426.8399363158833</ele>
        <time>2026-01-02T10:21:54.793Z</time>
      </trkpt>
      <trkpt lat="46.456091278887556" lon="11.02939599482005">
        <ele>1426.8399363158833</ele>
        <time>2026-01-02T10:21:54.793Z</time>
      </trkpt>
      <trkpt lat="46.4560385182904" lon="11.029381916479792">
        <ele>1425.368416636252</ele>
        <time>2026-01-02T10:21:59.799Z</time>
      </trkpt>
      <trkpt lat="46.45597278362472" lon="11.029327492793481">
        <ele>1422.9919047432493</ele>
        <time>2026-01-02T10:22:06.861Z</time>
      </trkpt>
      <trkpt lat="46.45597278362472" lon="11.029327492793481">
        <ele>1420.1490144850686</ele>
        <time>2026-01-02T10:22:06.861Z</time>
      </trkpt>
      <trkpt lat="46.45597278362472" lon="11.029327492793481">
        <ele>1422.9919047432493</ele>
        <time>2026-01-02T10:22:06.861Z</time>
      </trkpt>
      <trkpt lat="46.45594443349333" lon="11.029290174882192">
        <ele>1421.78252429046</ele>
        <time>2026-01-02T10:22:12.272Z</time>
      </trkpt>
      <trkpt lat="46.45594443349333" lon="11.029290174882192">
        <ele>1421.78252429046</ele>
        <time>2026-01-02T10:22:12.272Z</time>
      </trkpt>
      <trkpt lat="46.455904678061444" lon="11.0291629277163">
        <ele>1418.9758486844607</ele>
        <time>2026-01-02T10:22:25.882Z</time>
      </trkpt>
      <trkpt lat="46.45587776821493" lon="11.02888665283659">
        <ele>1415.3093535108103</ele>
        <time>2026-01-02T10:22:52.946Z</time>
      </trkpt>
      <trkpt lat="46.45587776821493" lon="11.02888665283659">
        <ele>1414.282521696296</ele>
        <time>2026-01-02T10:22:52.946Z</time>
      </trkpt>
      <trkpt lat="46.45583095343315" lon="11.0286017826879">
        <ele>1411.044321905753</ele>
        <time>2026-01-02T10:23:08.671Z</time>
      </trkpt>
      <trkpt lat="46.45583095343315" lon="11.0286017826879">
        <ele>1411.044321905753</ele>
        <time>2026-01-02T10:23:08.671Z</time>
      </trkpt>
      <trkpt lat="46.45580616612034" lon="11.028436974946601">
        <ele>1409.8616292569327</ele>
        <time>2026-01-02T10:23:17.763Z</time>
      </trkpt>
      <trkpt lat="46.45580616612034" lon="11.028436974946601">
        <ele>1409.8616292569327</ele>
        <time>2026-01-02T10:23:17.763Z</time>
      </trkpt>
      <trkpt lat="46.45562577281197" lon="11.028240718276805">
        <ele>1408.917344494629</ele>
        <time>2026-01-02T10:23:33.936Z</time>
      </trkpt>
      <trkpt lat="46.45562577281197" lon="11.028240718276805">
        <ele>1408.917344494629</ele>
        <time>2026-01-02T10:23:33.936Z</time>
      </trkpt>
      <trkpt lat="46.45550890055026" lon="11.02811596334135">
        <ele>1407.7755030971489</ele>
        <time>2026-01-02T10:23:44.343Z</time>
      </trkpt>
      <trkpt lat="46.45541169735293" lon="11.028034345471582">
        <ele>1406.4321981838443</ele>
        <time>2026-01-02T10:23:52.399Z</time>
      </trkpt>
      <trkpt lat="46.45541169735293" lon="11.028034345471582">
        <ele>1406.4321981838443</ele>
        <time>2026-01-02T10:23:52.399Z</time>
      </trkpt>
      <trkpt lat="46.45541169735293" lon="11.028034345471582">
        <ele>1406.4321981838443</ele>
        <time>2026-01-02T10:23:53.910Z</time>
      </trkpt>
      <trkpt lat="46.45531252078047" lon="11.027943240931023">
        <ele>1404.6212556723276</ele>
        <time>2026-01-02T10:24:02.371Z</time>
      </trkpt>
      <trkpt lat="46.45531252078047" lon="11.027943240931023">
        <ele>1404.6212556723276</ele>
        <time>2026-01-02T10:24:02.371Z</time>
      </trkpt>
      <trkpt lat="46.45517459793524" lon="11.027836093475997">
        <ele>1401.3052846320268</ele>
        <time>2026-01-02T10:24:15.386Z</time>
      </trkpt>
      <trkpt lat="46.45517459793524" lon="11.027836093475997">
        <ele>1401.3052846320268</ele>
        <time>2026-01-02T10:24:15.386Z</time>
      </trkpt>
      <trkpt lat="46.45476870672883" lon="11.02771895776462">
        <ele>1389.708743300874</ele>
        <time>2026-01-02T10:24:49.831Z</time>
      </trkpt>
      <trkpt lat="46.45476870672883" lon="11.02771895776462">
        <ele>1389.708743300874</ele>
        <time>2026-01-02T10:24:49.831Z</time>
      </trkpt>
      <trkpt lat="46.45461619999958" lon="11.027868602896177">
        <ele>1389.764625315831</ele>
        <time>2026-01-02T10:25:05.229Z</time>
      </trkpt>
      <trkpt lat="46.45461619999958" lon="11.027868602896177">
        <ele>1389.764625315831</ele>
        <time>2026-01-02T10:25:05.229Z</time>
      </trkpt>
      <trkpt lat="46.45447326891622" lon="11.027959706559557">
        <ele>1387.9066745005098</ele>
        <time>2026-01-02T10:25:21.886Z</time>
      </trkpt>
      <trkpt lat="46.45447326891622" lon="11.027959706559557">
        <ele>1387.9066745005098</ele>
        <time>2026-01-02T10:25:21.886Z</time>
      </trkpt>
      <trkpt lat="46.45426900319541" lon="11.028297658201382">
        <ele>1388.2852202811746</ele>
        <time>2026-01-02T10:25:54.903Z</time>
      </trkpt>
      <trkpt lat="46.45426900319541" lon="11.028297658201382">
        <ele>1388.2852202811746</ele>
        <time>2026-01-02T10:25:54.903Z</time>
      </trkpt>
      <trkpt lat="46.45406542478574" lon="11.028158476049015">
        <ele>1381.5863502305083</ele>
        <time>2026-01-02T10:26:18.866Z</time>
      </trkpt>
      <trkpt lat="46.45406542478574" lon="11.028158476049015">
        <ele>1381.5863502305083</ele>
        <time>2026-01-02T10:26:18.866Z</time>
      </trkpt>
      <trkpt lat="46.45388072534024" lon="11.028050504723865">
        <ele>1374.9910603458077</ele>
        <time>2026-01-02T10:26:40.057Z</time>
      </trkpt>
      <trkpt lat="46.45388072534024" lon="11.028050504723865">
        <ele>1374.9910603458077</ele>
        <time>2026-01-02T10:26:40.057Z</time>
      </trkpt>
      <trkpt lat="46.453685451671674" lon="11.027985984955194">
        <ele>1367.6615949737081</ele>
        <time>2026-01-02T10:27:01.362Z</time>
      </trkpt>
      <trkpt lat="46.453685451671674" lon="11.027985984955194">
        <ele>1367.6615949737081</ele>
        <time>2026-01-02T10:27:01.362Z</time>
      </trkpt>
      <trkpt lat="46.45346172929868" lon="11.027953045797943">
        <ele>1361.8478089964951</ele>
        <time>2026-01-02T10:27:25.275Z</time>
      </trkpt>
      <trkpt lat="46.45346172929868" lon="11.027953045797943">
        <ele>1361.8478089964951</ele>
        <time>2026-01-02T10:27:25.275Z</time>
      </trkpt>
      <trkpt lat="46.45324422712042" lon="11.027945319764683">
        <ele>1357.795073643494</ele>
        <time>2026-01-02T10:27:48.402Z</time>
      </trkpt>
      <trkpt lat="46.45324422712042" lon="11.027945319764683">
        <ele>1357.795073643494</ele>
        <time>2026-01-02T10:27:48.402Z</time>
      </trkpt>
      <trkpt lat="46.45301914061011" lon="11.027968911685747">
        <ele>1353.186683434396</ele>
        <time>2026-01-02T10:28:12.333Z</time>
      </trkpt>
      <trkpt lat="46.45301914061011" lon="11.027968911685747">
        <ele>1353.186683434396</ele>
        <time>2026-01-02T10:28:12.333Z</time>
      </trkpt>
      <trkpt lat="46.45282310603352" lon="11.027997812610181">
        <ele>1347.26506734863</ele>
        <time>2026-01-02T10:28:30.462Z</time>
      </trkpt>
      <trkpt lat="46.45282310603352" lon="11.027997812610181">
        <ele>1347.26506734863</ele>
        <time>2026-01-02T10:28:30.462Z</time>
      </trkpt>
      <trkpt lat="46.452741715738995" lon="11.028017952943713">
        <ele>1345.774193996131</ele>
        <time>2026-01-02T10:28:38.061Z</time>
      </trkpt>
      <trkpt lat="46.452741715738995" lon="11.028017952943713">
        <ele>1345.774193996131</ele>
        <time>2026-01-02T10:28:38.061Z</time>
      </trkpt>
      <trkpt lat="46.4525929305363" lon="11.028005518904848">
        <ele>1341.7039717575863</ele>
        <time>2026-01-02T10:28:51.782Z</time>
      </trkpt>
      <trkpt lat="46.4525929305363" lon="11.028005518904848">
        <ele>1341.7039717575863</ele>
        <time>2026-01-02T10:28:51.782Z</time>
      </trkpt>
      <trkpt lat="46.45247810789178" lon="11.027976683599576">
        <ele>1338.2599803646697</ele>
        <time>2026-01-02T10:29:02.510Z</time>
      </trkpt>
      <trkpt lat="46.45233814901827" lon="11.027869922930066">
        <ele>1333.0555724940195</ele>
        <time>2026-01-02T10:29:17.070Z</time>
      </trkpt>
      <trkpt lat="46.45233814901827" lon="11.027869922930066">
        <ele>1332.5831911392386</ele>
        <time>2026-01-02T10:29:17.070Z</time>
      </trkpt>
      <trkpt lat="46.45226568537697" lon="11.027795459571593">
        <ele>1330.0013128350497</ele>
        <time>2026-01-02T10:29:25.248Z</time>
      </trkpt>
      <trkpt lat="46.45226568537697" lon="11.027795459571593">
        <ele>1330.0013128350497</ele>
        <time>2026-01-02T10:29:25.248Z</time>
      </trkpt>
      <trkpt lat="46.452210529306114" lon="11.02774458242007">
        <ele>1328.0556393714146</ele>
        <time>2026-01-02T10:29:31.084Z</time>
      </trkpt>
      <trkpt lat="46.452210529306114" lon="11.02774458242007">
        <ele>1328.0556393714146</ele>
        <time>2026-01-02T10:29:31.084Z</time>
      </trkpt>
      <trkpt lat="46.45215281521007" lon="11.027741407633073">
        <ele>1326.2878340406205</ele>
        <time>2026-01-02T10:29:36.242Z</time>
      </trkpt>
      <trkpt lat="46.45215281521007" lon="11.027741407633073">
        <ele>1326.2878340406205</ele>
        <time>2026-01-02T10:29:36.242Z</time>
      </trkpt>
      <trkpt lat="46.45204426211828" lon="11.027742396585154">
        <ele>1322.966462193346</ele>
        <time>2026-01-02T10:29:45.938Z</time>
      </trkpt>
      <trkpt lat="46.45204426211828" lon="11.027742396585154">
        <ele>1322.966462193346</ele>
        <time>2026-01-02T10:29:45.938Z</time>
      </trkpt>
      <trkpt lat="46.45195309805382" lon="11.027792698037302">
        <ele>1320.8953280810001</ele>
        <time>2026-01-02T10:29:54.650Z</time>
      </trkpt>
      <trkpt lat="46.45195309805382" lon="11.027792698037302">
        <ele>1320.8953280810001</ele>
        <time>2026-01-02T10:29:54.650Z</time>
      </trkpt>
      <trkpt lat="46.45187238512585" lon="11.027833243813234">
        <ele>1319.2001864160106</ele>
        <time>2026-01-02T10:30:02.279Z</time>
      </trkpt>
      <trkpt lat="46.451726498587874" lon="11.027859862040076">
        <ele>1318.4934681174718</ele>
        <time>2026-01-02T10:30:15.413Z</time>
      </trkpt>
      <trkpt lat="46.451726498587874" lon="11.027859862040076">
        <ele>1317.2701197235306</ele>
        <time>2026-01-02T10:30:15.413Z</time>
      </trkpt>
      <trkpt lat="46.45166149176555" lon="11.027854948260938">
        <ele>1317.1986192774214</ele>
        <time>2026-01-02T10:30:21.231Z</time>
      </trkpt>
      <trkpt lat="46.45166149176555" lon="11.027854948260938">
        <ele>1317.1986192774214</ele>
        <time>2026-01-02T10:30:21.231Z</time>
      </trkpt>
      <trkpt lat="46.451512794937116" lon="11.027782953515413">
        <ele>1317.0049550998317</ele>
        <time>2026-01-02T10:30:35.242Z</time>
      </trkpt>
      <trkpt lat="46.451512794937116" lon="11.027782953515413">
        <ele>1317.0049550998317</ele>
        <time>2026-01-02T10:30:35.242Z</time>
      </trkpt>
      <trkpt lat="46.45141537061889" lon="11.02779459223126">
        <ele>1317.198611596274</ele>
        <time>2026-01-02T10:30:43.982Z</time>
      </trkpt>
      <trkpt lat="46.45141537061889" lon="11.02779459223126">
        <ele>1317.198611596274</ele>
        <time>2026-01-02T10:30:43.982Z</time>
      </trkpt>
      <trkpt lat="46.45121896578581" lon="11.027772485600451">
        <ele>1316.8309788050142</ele>
        <time>2026-01-02T10:31:01.596Z</time>
      </trkpt>
      <trkpt lat="46.45121896578581" lon="11.027772485600451">
        <ele>1316.8309788050142</ele>
        <time>2026-01-02T10:31:01.596Z</time>
      </trkpt>
      <trkpt lat="46.451084112917044" lon="11.027792764110046">
        <ele>1316.0969065298789</ele>
        <time>2026-01-02T10:31:13.718Z</time>
      </trkpt>
      <trkpt lat="46.450799682977944" lon="11.027886260542216">
        <ele>1311.8657634312758</ele>
        <time>2026-01-02T10:31:39.794Z</time>
      </trkpt>
      <trkpt lat="46.450799682977944" lon="11.027886260542216">
        <ele>1312.1437406258228</ele>
        <time>2026-01-02T10:31:39.794Z</time>
      </trkpt>
      <trkpt lat="46.450588177671165" lon="11.027945033268509">
        <ele>1308.9481709269817</ele>
        <time>2026-01-02T10:31:59.049Z</time>
      </trkpt>
      <trkpt lat="46.450588177671165" lon="11.027945033268509">
        <ele>1308.9481709269817</ele>
        <time>2026-01-02T10:31:59.049Z</time>
      </trkpt>
      <trkpt lat="46.45014985518906" lon="11.02809066482961">
        <ele>1302.776277187555</ele>
        <time>2026-01-02T10:32:39.255Z</time>
      </trkpt>
      <trkpt lat="46.449917494377786" lon="11.028167866134737">
        <ele>1298.5737326385836</ele>
        <time>2026-01-02T10:33:00.776Z</time>
      </trkpt>
      <trkpt lat="46.449917494377786" lon="11.028167866134737">
        <ele>1298.5737326385836</ele>
        <time>2026-01-02T10:33:00.776Z</time>
      </trkpt>
      <trkpt lat="46.44980769459261" lon="11.028189528044635">
        <ele>1297.2779085434513</ele>
        <time>2026-01-02T10:33:10.791Z</time>
      </trkpt>
      <trkpt lat="46.44980769459261" lon="11.028189528044635">
        <ele>1297.2779085434513</ele>
        <time>2026-01-02T10:33:10.791Z</time>
      </trkpt>
      <trkpt lat="46.4494852770095" lon="11.02824944785695">
        <ele>1296.5746570943697</ele>
        <time>2026-01-02T10:33:39.249Z</time>
      </trkpt>
      <trkpt lat="46.4494852770095" lon="11.02824944785695">
        <ele>1296.5746570943697</ele>
        <time>2026-01-02T10:33:39.249Z</time>
      </trkpt>
      <trkpt lat="46.44912911171983" lon="11.028088560987527">
        <ele>1297.7091369421657</ele>
        <time>2026-01-02T10:34:11.907Z</time>
      </trkpt>
      <trkpt lat="46.44867985234526" lon="11.028116109896533">
        <ele>1292.3108063583275</ele>
        <time>2026-01-02T10:34:51.275Z</time>
      </trkpt>
      <trkpt lat="46.44823059297068" lon="11.028143658805538">
        <ele>1286.791715164849</ele>
        <time>2026-01-02T10:35:30.643Z</time>
      </trkpt>
      <trkpt lat="46.44778133359611" lon="11.028171207714545">
        <ele>1272.4843546387324</ele>
        <time>2026-01-02T10:36:10.011Z</time>
      </trkpt>
      <trkpt lat="46.44771428904783" lon="11.02817531893462">
        <ele>1270.6387864606065</ele>
        <time>2026-01-02T10:36:15.886Z</time>
      </trkpt>
      <trkpt lat="46.44771428904783" lon="11.02817531893462">
        <ele>1265.983159095049</ele>
        <time>2026-01-02T10:36:15.886Z</time>
      </trkpt>
      <trkpt lat="46.44771428904783" lon="11.02817531893462">
        <ele>1270.6387864606065</ele>
        <time>2026-01-02T10:36:15.886Z</time>
      </trkpt>
      <trkpt lat="46.44768182856134" lon="11.028180784670184">
        <ele>1269.6544346310307</ele>
        <time>2026-01-02T10:36:18.798Z</time>
      </trkpt>
      <trkpt lat="46.44768182856134" lon="11.028180784670184">
        <ele>1269.6544346310307</ele>
        <time>2026-01-02T10:36:18.798Z</time>
      </trkpt>
      <trkpt lat="46.447593448262666" lon="11.028136245963822">
        <ele>1266.89803496867</ele>
        <time>2026-01-02T10:36:27.140Z</time>
      </trkpt>
      <trkpt lat="46.447593448262666" lon="11.028136245963822">
        <ele>1266.89803496867</ele>
        <time>2026-01-02T10:36:27.140Z</time>
      </trkpt>
      <trkpt lat="46.44761595948859" lon="11.028000152535725">
        <ele>1269.098544999932</ele>
        <time>2026-01-02T10:36:35.753Z</time>
      </trkpt>
      <trkpt lat="46.44761595948859" lon="11.028000152535725">
        <ele>1269.098544999932</ele>
        <time>2026-01-02T10:36:35.753Z</time>
      </trkpt>
      <trkpt lat="46.447737611964044" lon="11.027768908460047">
        <ele>1275.1731665323969</ele>
        <time>2026-01-02T10:36:54.470Z</time>
      </trkpt>
      <trkpt lat="46.447737611964044" lon="11.027768908460047">
        <ele>1275.1731665323969</ele>
        <time>2026-01-02T10:36:54.470Z</time>
      </trkpt>
      <trkpt lat="46.44776298682538" lon="11.027656654151116">
        <ele>1277.0977400368436</ele>
        <time>2026-01-02T10:37:00.910Z</time>
      </trkpt>
      <trkpt lat="46.44776298682538" lon="11.027656654151116">
        <ele>1277.0977400368436</ele>
        <time>2026-01-02T10:37:00.910Z</time>
      </trkpt>
      <trkpt lat="46.44769368153911" lon="11.02757410080119">
        <ele>1275.8237219911543</ele>
        <time>2026-01-02T10:37:08.635Z</time>
      </trkpt>
      <trkpt lat="46.44769368153911" lon="11.02757410080119">
        <ele>1275.8237219911543</ele>
        <time>2026-01-02T10:37:08.635Z</time>
      </trkpt>
      <trkpt lat="46.44746755906942" lon="11.027627056516735">
        <ele>1267.614846117823</ele>
        <time>2026-01-02T10:37:28.079Z</time>
      </trkpt>
      <trkpt lat="46.44746755906942" lon="11.027627056516735">
        <ele>1267.614846117823</ele>
        <time>2026-01-02T10:37:28.079Z</time>
      </trkpt>
      <trkpt lat="46.44717842706885" lon="11.027456011654522">
        <ele>1259.5115020754051</ele>
        <time>2026-01-02T10:37:56.106Z</time>
      </trkpt>
      <trkpt lat="46.44717842706885" lon="11.027456011654522">
        <ele>1259.5115020754051</ele>
        <time>2026-01-02T10:37:56.106Z</time>
      </trkpt>
      <trkpt lat="46.44688846949296" lon="11.02718629134364">
        <ele>1254.5276314182213</ele>
        <time>2026-01-02T10:38:27.021Z</time>
      </trkpt>
      <trkpt lat="46.44688846949296" lon="11.02718629134364">
        <ele>1254.5276314182213</ele>
        <time>2026-01-02T10:38:27.021Z</time>
      </trkpt>
      <trkpt lat="46.44651152821184" lon="11.026830468423386">
        <ele>1247.3853714045147</ele>
        <time>2026-01-02T10:39:07.384Z</time>
      </trkpt>
      <trkpt lat="46.44644230794037" lon="11.02676512625905">
        <ele>1246.2282086128341</ele>
        <time>2026-01-02T10:39:14.796Z</time>
      </trkpt>
      <trkpt lat="46.44644230794037" lon="11.02676512625905">
        <ele>1246.2282086128341</ele>
        <time>2026-01-02T10:39:14.796Z</time>
      </trkpt>
      <trkpt lat="46.446339761096084" lon="11.026660094084889">
        <ele>1244.7649541700648</ele>
        <time>2026-01-02T10:39:26.087Z</time>
      </trkpt>
      <trkpt lat="46.446339761096084" lon="11.026660094084889">
        <ele>1244.7649541700648</ele>
        <time>2026-01-02T10:39:26.087Z</time>
      </trkpt>
      <trkpt lat="46.446254247836634" lon="11.026537600420141">
        <ele>1243.5267487736196</ele>
        <time>2026-01-02T10:39:36.358Z</time>
      </trkpt>
      <trkpt lat="46.446254247836634" lon="11.026537600420141">
        <ele>1243.5267487736196</ele>
        <time>2026-01-02T10:39:36.358Z</time>
      </trkpt>
      <trkpt lat="46.44613328951493" lon="11.02650490656174">
        <ele>1240.5928824807527</ele>
        <time>2026-01-02T10:39:46.895Z</time>
      </trkpt>
      <trkpt lat="46.44613328951493" lon="11.02650490656174">
        <ele>1240.5928824807527</ele>
        <time>2026-01-02T10:39:46.895Z</time>
      </trkpt>
      <trkpt lat="46.44604303256776" lon="11.026646675559192">
        <ele>1237.7002607874533</ele>
        <time>2026-01-02T10:39:58.318Z</time>
      </trkpt>
      <trkpt lat="46.44604303256776" lon="11.026646675559192">
        <ele>1237.7002607874533</ele>
        <time>2026-01-02T10:39:58.318Z</time>
      </trkpt>
      <trkpt lat="46.44601152084107" lon="11.026854724509377">
        <ele>1234.0135956106215</ele>
        <time>2026-01-02T10:40:10.924Z</time>
      </trkpt>
      <trkpt lat="46.44596083491629" lon="11.026943812928566">
        <ele>1231.213371155754</ele>
        <time>2026-01-02T10:40:17.761Z</time>
      </trkpt>
      <trkpt lat="46.44596083491629" lon="11.026943812928566">
        <ele>1222.7492876434699</ele>
        <time>2026-01-02T10:40:17.761Z</time>
      </trkpt>
      <trkpt lat="46.44596083491629" lon="11.026943812928566">
        <ele>1231.213371155754</ele>
        <time>2026-01-02T10:40:17.761Z</time>
      </trkpt>
      <trkpt lat="46.44591396329659" lon="11.027040128605648">
        <ele>1228.0896474692738</ele>
        <time>2026-01-02T10:40:25.018Z</time>
      </trkpt>
      <trkpt lat="46.44591396329659" lon="11.027040128605648">
        <ele>1228.0896474692738</ele>
        <time>2026-01-02T10:40:25.018Z</time>
      </trkpt>
      <trkpt lat="46.445634594188164" lon="11.027196817987516">
        <ele>1222.1792741815361</ele>
        <time>2026-01-02T10:40:51.846Z</time>
      </trkpt>
      <trkpt lat="46.445634594188164" lon="11.027196817987516">
        <ele>1222.1792741815361</ele>
        <time>2026-01-02T10:40:51.846Z</time>
      </trkpt>
      <trkpt lat="46.44518611836036" lon="11.027244150923288">
        <ele>1220.657453927678</ele>
        <time>2026-01-02T10:41:32.124Z</time>
      </trkpt>
      <trkpt lat="46.44504424187008" lon="11.027259124820176">
        <ele>1219.20727088727</ele>
        <time>2026-01-02T10:41:44.873Z</time>
      </trkpt>
      <trkpt lat="46.44504424187008" lon="11.027259124820176">
        <ele>1219.20727088727</ele>
        <time>2026-01-02T10:41:44.873Z</time>
      </trkpt>
      <trkpt lat="46.44470531339513" lon="11.027045705438894">
        <ele>1210.412711648458</ele>
        <time>2026-01-02T10:42:17.989Z</time>
      </trkpt>
      <trkpt lat="46.44470531339513" lon="11.027045705438894">
        <ele>1210.412711648458</ele>
        <time>2026-01-02T10:42:17.989Z</time>
      </trkpt>
      <trkpt lat="46.444494182235786" lon="11.026981043238806">
        <ele>1203.2788284131718</ele>
        <time>2026-01-02T10:42:38.349Z</time>
      </trkpt>
      <trkpt lat="46.444494182235786" lon="11.026981043238806">
        <ele>1203.2788284131718</ele>
        <time>2026-01-02T10:42:38.349Z</time>
      </trkpt>
      <trkpt lat="46.44421138379087" lon="11.026997836607705">
        <ele>1196.4723429265441</ele>
        <time>2026-01-02T10:43:05.059Z</time>
      </trkpt>
      <trkpt lat="46.44421138379087" lon="11.026997836607705">
        <ele>1196.4723429265441</ele>
        <time>2026-01-02T10:43:05.059Z</time>
      </trkpt>
      <trkpt lat="46.443939320766816" lon="11.02700992466751">
        <ele>1192.212664092802</ele>
        <time>2026-01-02T10:43:28.986Z</time>
      </trkpt>
      <trkpt lat="46.443939320766816" lon="11.02700992466751">
        <ele>1192.212664092802</ele>
        <time>2026-01-02T10:43:28.986Z</time>
      </trkpt>
      <trkpt lat="46.443780743822884" lon="11.027115479055539">
        <ele>1190.8631110207643</ele>
        <time>2026-01-02T10:43:44.122Z</time>
      </trkpt>
      <trkpt lat="46.443780743822884" lon="11.027115479055539">
        <ele>1190.8631110207643</ele>
        <time>2026-01-02T10:43:44.122Z</time>
      </trkpt>
      <trkpt lat="46.4434715663696" lon="11.027589310369779">
        <ele>1185.0663349831489</ele>
        <time>2026-01-02T10:44:23.134Z</time>
      </trkpt>
      <trkpt lat="46.44344848496263" lon="11.027624683885165">
        <ele>1184.2521501795636</ele>
        <time>2026-01-02T10:44:26.055Z</time>
      </trkpt>
      <trkpt lat="46.44344848496263" lon="11.027624683885165">
        <ele>1184.2521501795636</ele>
        <time>2026-01-02T10:44:26.055Z</time>
      </trkpt>
      <trkpt lat="46.4432642631061" lon="11.027583005972474">
        <ele>1181.2537491231235</ele>
        <time>2026-01-02T10:44:42.280Z</time>
      </trkpt>
      <trkpt lat="46.4432642631061" lon="11.027583005972474">
        <ele>1181.2537491231235</ele>
        <time>2026-01-02T10:44:42.280Z</time>
      </trkpt>
      <trkpt lat="46.44314940570658" lon="11.027451943652835">
        <ele>1179.8166906456474</ele>
        <time>2026-01-02T10:44:55.197Z</time>
      </trkpt>
      <trkpt lat="46.44314940570658" lon="11.027451943652835">
        <ele>1179.8166906456474</ele>
        <time>2026-01-02T10:44:55.197Z</time>
      </trkpt>
      <trkpt lat="46.44309657596315" lon="11.02723134047875">
        <ele>1178.4390611534473</ele>
        <time>2026-01-02T10:45:09.628Z</time>
      </trkpt>
      <trkpt lat="46.44309657596315" lon="11.02723134047875">
        <ele>1178.4390611534473</ele>
        <time>2026-01-02T10:45:09.628Z</time>
      </trkpt>
      <trkpt lat="46.443024826097115" lon="11.027151374503944">
        <ele>1175.4972912347962</ele>
        <time>2026-01-02T10:45:24.983Z</time>
      </trkpt>
      <trkpt lat="46.443024826097115" lon="11.027151374503944">
        <ele>1175.4972912347962</ele>
        <time>2026-01-02T10:45:24.983Z</time>
      </trkpt>
      <trkpt lat="46.442940042540414" lon="11.027188522311093">
        <ele>1174.0469069335616</ele>
        <time>2026-01-02T10:45:40.010Z</time>
      </trkpt>
      <trkpt lat="46.442940042540414" lon="11.027188522311093">
        <ele>1174.0469069335616</ele>
        <time>2026-01-02T10:45:40.010Z</time>
      </trkpt>
      <trkpt lat="46.442852469504885" lon="11.02730687355458">
        <ele>1172.3166793258872</ele>
        <time>2026-01-02T10:45:59.805Z</time>
      </trkpt>
      <trkpt lat="46.442852469504885" lon="11.02730687355458">
        <ele>1172.3166793258872</ele>
        <time>2026-01-02T10:45:59.805Z</time>
      </trkpt>
      <trkpt lat="46.442645690323246" lon="11.0276681614001">
        <ele>1163.9544718705474</ele>
        <time>2026-01-02T10:46:52.461Z</time>
      </trkpt>
      <trkpt lat="46.442645690323246" lon="11.0276681614001">
        <ele>1163.9544718705474</ele>
        <time>2026-01-02T10:46:52.461Z</time>
      </trkpt>
      <trkpt lat="46.44257264894924" lon="11.027714446617324">
        <ele>1161.0376289549572</ele>
        <time>2026-01-02T10:47:00.733Z</time>
      </trkpt>
      <trkpt lat="46.44257264894924" lon="11.027714446617324">
        <ele>1161.0376289549572</ele>
        <time>2026-01-02T10:47:00.733Z</time>
      </trkpt>
      <trkpt lat="46.442497019714835" lon="11.027710448820585">
        <ele>1158.7606219234162</ele>
        <time>2026-01-02T10:47:08.530Z</time>
      </trkpt>
      <trkpt lat="46.442497019714835" lon="11.027710448820585">
        <ele>1158.7606219234162</ele>
        <time>2026-01-02T10:47:08.530Z</time>
      </trkpt>
      <trkpt lat="46.44242247962549" lon="11.027635993179132">
        <ele>1156.678194721792</ele>
        <time>2026-01-02T10:47:17.828Z</time>
      </trkpt>
      <trkpt lat="46.44242247962549" lon="11.027635993179132">
        <ele>1156.678194721792</ele>
        <time>2026-01-02T10:47:17.828Z</time>
      </trkpt>
      <trkpt lat="46.44238850752541" lon="11.027453780006937">
        <ele>1155.1025059120516</ele>
        <time>2026-01-02T10:47:29.543Z</time>
      </trkpt>
      <trkpt lat="46.44238850752541" lon="11.027453780006937">
        <ele>1155.1025059120516</ele>
        <time>2026-01-02T10:47:29.543Z</time>
      </trkpt>
      <trkpt lat="46.44244453927308" lon="11.027236030832483">
        <ele>1155.8244704893798</ele>
        <time>2026-01-02T10:47:44.516Z</time>
      </trkpt>
      <trkpt lat="46.44244453927308" lon="11.027236030832483">
        <ele>1155.8244704893798</ele>
        <time>2026-01-02T10:47:44.516Z</time>
      </trkpt>
      <trkpt lat="46.442557105093215" lon="11.026958965645349">
        <ele>1155.5357059033595</ele>
        <time>2026-01-02T10:48:05.236Z</time>
      </trkpt>
      <trkpt lat="46.442557105093215" lon="11.026958965645349">
        <ele>1155.5357059033595</ele>
        <time>2026-01-02T10:48:05.236Z</time>
      </trkpt>
      <trkpt lat="46.44244436087723" lon="11.027088811199462">
        <ele>1153.0376894684034</ele>
        <time>2026-01-02T10:48:18.701Z</time>
      </trkpt>
      <trkpt lat="46.44244436087723" lon="11.027088811199462">
        <ele>1153.0376894684034</ele>
        <time>2026-01-02T10:48:18.701Z</time>
      </trkpt>
      <trkpt lat="46.44227886706088" lon="11.027171519735788">
        <ele>1146.531309772081</ele>
        <time>2026-01-02T10:48:36.216Z</time>
      </trkpt>
      <trkpt lat="46.44227886706088" lon="11.027171519735788">
        <ele>1146.531309772081</ele>
        <time>2026-01-02T10:48:36.216Z</time>
      </trkpt>
      <trkpt lat="46.4421948642659" lon="11.027210591067814">
        <ele>1143.5416271548213</ele>
        <time>2026-01-02T10:48:44.469Z</time>
      </trkpt>
      <trkpt lat="46.4421948642659" lon="11.027210591067814">
        <ele>1143.5416271548213</ele>
        <time>2026-01-02T10:48:44.469Z</time>
      </trkpt>
      <trkpt lat="46.44209127763753" lon="11.027434080593764">
        <ele>1142.0990466120998</ele>
        <time>2026-01-02T10:49:01.658Z</time>
      </trkpt>
      <trkpt lat="46.44209127763753" lon="11.027434080593764">
        <ele>1142.0990466120998</ele>
        <time>2026-01-02T10:49:01.658Z</time>
      </trkpt>
      <trkpt lat="46.4420479505562" lon="11.028013928866727">
        <ele>1138.7166595259866</ele>
        <time>2026-01-02T10:49:38.891Z</time>
      </trkpt>
      <trkpt lat="46.4420479505562" lon="11.028013928866727">
        <ele>1138.7166595259866</ele>
        <time>2026-01-02T10:49:38.891Z</time>
      </trkpt>
      <trkpt lat="46.442020070282325" lon="11.027988753380953">
        <ele>1137.8097085901895</ele>
        <time>2026-01-02T10:49:41.933Z</time>
      </trkpt>
      <trkpt lat="46.442020070282325" lon="11.027988753380953">
        <ele>1137.8097085901895</ele>
        <time>2026-01-02T10:49:41.933Z</time>
      </trkpt>
      <trkpt lat="46.44198145552258" lon="11.027908228925213">
        <ele>1137.0522367092797</ele>
        <time>2026-01-02T10:49:48.196Z</time>
      </trkpt>
      <trkpt lat="46.441895793056965" lon="11.027627166501565">
        <ele>1134.153542753326</ele>
        <time>2026-01-02T10:50:07.816Z</time>
      </trkpt>
      <trkpt lat="46.441895793056965" lon="11.027627166501565">
        <ele>1122.107414565049</ele>
        <time>2026-01-02T10:50:07.816Z</time>
      </trkpt>
      <trkpt lat="46.44188799339982" lon="11.027488615741202">
        <ele>1119.7568687228486</ele>
        <time>2026-01-02T11:29:18.331Z</time>
      </trkpt>
      <trkpt lat="46.44189711372854" lon="11.027340220797292">
        <ele>1121.1227430878207</ele>
        <time>2026-01-02T11:29:25.331Z</time>
      </trkpt>
      <trkpt lat="46.44191745220951" lon="11.027206086690871">
        <ele>1121.183225594461</ele>
        <time>2026-01-02T11:29:33.331Z</time>
      </trkpt>
      <trkpt lat="46.44196739797862" lon="11.027066440184523">
        <ele>1120.8391334572807</ele>
        <time>2026-01-02T11:29:42.331Z</time>
      </trkpt>
      <trkpt lat="46.44202739125646" lon="11.026951680321385">
        <ele>1121.8489523967728</ele>
        <time>2026-01-02T11:29:50.331Z</time>
      </trkpt>
      <trkpt lat="46.44208582851353" lon="11.02683814461428">
        <ele>1120.1981295878068</ele>
        <time>2026-01-02T11:29:59.331Z</time>
      </trkpt>
      <trkpt lat="46.44215118210932" lon="11.02673809433791">
        <ele>1120.7113710604608</ele>
        <time>2026-01-02T11:30:06.331Z</time>
      </trkpt>
      <trkpt lat="46.44222286744269" lon="11.026652248793381">
        <ele>1122.7810497367755</ele>
        <time>2026-01-02T11:30:13.331Z</time>
      </trkpt>
      <trkpt lat="46.44229687865444" lon="11.026572238991138">
        <ele>1124.3189867502078</ele>
        <time>2026-01-02T11:30:20.331Z</time>
      </trkpt>
      <trkpt lat="46.44235465495369" lon="11.02647243803555">
        <ele>1126.5470659155399</ele>
        <time>2026-01-02T11:30:29.331Z</time>
      </trkpt>
      <trkpt lat="46.442418621842364" lon="11.026372790309662">
        <ele>1126.092120597139</ele>
        <time>2026-01-02T11:30:37.331Z</time>
      </trkpt>
      <trkpt lat="46.44248625697485" lon="11.026273365834582">
        <ele>1124.7770940735936</ele>
        <time>2026-01-02T11:30:44.331Z</time>
      </trkpt>
      <trkpt lat="46.442547569002635" lon="11.026171953610827">
        <ele>1125.4075672375038</ele>
        <time>2026-01-02T11:30:51.331Z</time>
      </trkpt>
      <trkpt lat="46.442605557846285" lon="11.02606527999674">
        <ele>1125.8017247188836</ele>
        <time>2026-01-02T11:30:56.331Z</time>
      </trkpt>
      <trkpt lat="46.44268140191968" lon="11.025971134332863">
        <ele>1124.3692667484283</ele>
        <time>2026-01-02T11:31:04.331Z</time>
      </trkpt>
      <trkpt lat="46.442773153934276" lon="11.02590147626667">
        <ele>1122.3920545075089</ele>
        <time>2026-01-02T11:31:12.331Z</time>
      </trkpt>
      <trkpt lat="46.442853140904184" lon="11.02582574894742">
        <ele>1121.5561994668096</ele>
        <time>2026-01-02T11:31:18.331Z</time>
      </trkpt>
      <trkpt lat="46.44291826623277" lon="11.025726685704017">
        <ele>1124.7393921716139</ele>
        <time>2026-01-02T11:31:24.331Z</time>
      </trkpt>
      <trkpt lat="46.44299970423321" lon="11.025636955836587">
        <ele>1126.6244529252872</ele>
        <time>2026-01-02T11:31:31.331Z</time>
      </trkpt>
      <trkpt lat="46.44304297363167" lon="11.025509974929971">
        <ele>1125.6508015235886</ele>
        <time>2026-01-02T11:31:39.331Z</time>
      </trkpt>
      <trkpt lat="46.44308186282882" lon="11.025381152439827">
        <ele>1122.54934162274</ele>
        <time>2026-01-02T11:32:00.331Z</time>
      </trkpt>
      <trkpt lat="46.44313860405974" lon="11.025247771189024">
        <ele>1119.0629454888403</ele>
        <time>2026-01-02T11:32:09.331Z</time>
      </trkpt>
      <trkpt lat="46.443206351453206" lon="11.025135503469505">
        <ele>1119.4061402585357</ele>
        <time>2026-01-02T11:32:17.331Z</time>
      </trkpt>
      <trkpt lat="46.44323843218925" lon="11.02501012364759">
        <ele>1117.4158737314865</ele>
        <time>2026-01-02T11:32:25.331Z</time>
      </trkpt>
      <trkpt lat="46.44328879357393" lon="11.024901445016923">
        <ele>1116.0003175642341</ele>
        <time>2026-01-02T11:32:31.331Z</time>
      </trkpt>
      <trkpt lat="46.443343717277834" lon="11.02479195023869">
        <ele>1116.463217441924</ele>
        <time>2026-01-02T11:32:37.331Z</time>
      </trkpt>
      <trkpt lat="46.443404282585256" lon="11.024665562754842">
        <ele>1116.5465566059574</ele>
        <time>2026-01-02T11:32:43.331Z</time>
      </trkpt>
      <trkpt lat="46.44347083691038" lon="11.024546514137462">
        <ele>1114.792967162095</ele>
        <time>2026-01-02T11:32:49.331Z</time>
      </trkpt>
      <trkpt lat="46.443528627962365" lon="11.024446131018877">
        <ele>1114.279221534729</ele>
        <time>2026-01-02T11:32:54.331Z</time>
      </trkpt>
      <trkpt lat="46.44358674029177" lon="11.024337370345563">
        <ele>1115.2929165195674</ele>
        <time>2026-01-02T11:33:00.331Z</time>
      </trkpt>
      <trkpt lat="46.44364883801032" lon="11.024217933439036">
        <ele>1116.1900765877217</ele>
        <time>2026-01-02T11:33:10.331Z</time>
      </trkpt>
      <trkpt lat="46.44368451862637" lon="11.024098090064188">
        <ele>1108.786638329737</ele>
        <time>2026-01-02T11:37:14.331Z</time>
      </trkpt>
      <trkpt lat="46.443689057288786" lon="11.023959431187572">
        <ele>1109.4038499267772</ele>
        <time>2026-01-02T11:37:23.331Z</time>
      </trkpt>
      <trkpt lat="46.4437432510266" lon="11.023849943469388">
        <ele>1106.6249758629128</ele>
        <time>2026-01-02T11:37:31.331Z</time>
      </trkpt>
      <trkpt lat="46.443788592557674" lon="11.023720578789879">
        <ele>1108.4770980002359</ele>
        <time>2026-01-02T11:37:38.331Z</time>
      </trkpt>
      <trkpt lat="46.44382473692843" lon="11.023600110432675">
        <ele>1108.4756884966046</ele>
        <time>2026-01-02T11:37:46.331Z</time>
      </trkpt>
      <trkpt lat="46.44383269151489" lon="11.023463809576098">
        <ele>1110.1219589151442</ele>
        <time>2026-01-02T11:37:52.331Z</time>
      </trkpt>
      <trkpt lat="46.443828423867025" lon="11.023329709590397">
        <ele>1111.8674677489325</ele>
        <time>2026-01-02T11:37:58.331Z</time>
      </trkpt>
      <trkpt lat="46.44383915186196" lon="11.02318584085258">
        <ele>1110.5454135006294</ele>
        <time>2026-01-02T11:38:06.331Z</time>
      </trkpt>
      <trkpt lat="46.44383982807957" lon="11.02304016283616">
        <ele>1109.0409956071526</ele>
        <time>2026-01-02T11:38:14.331Z</time>
      </trkpt>
      <trkpt lat="46.443813972793635" lon="11.022893342559884">
        <ele>1107.225091743283</ele>
        <time>2026-01-02T11:38:22.331Z</time>
      </trkpt>
      <trkpt lat="46.44379090488049" lon="11.022761869357241">
        <ele>1105.660290892236</ele>
        <time>2026-01-02T11:38:28.331Z</time>
      </trkpt>
      <trkpt lat="46.44378674922382" lon="11.02261815870256">
        <ele>1102.982733736746</ele>
        <time>2026-01-02T11:38:36.331Z</time>
      </trkpt>
      <trkpt lat="46.44381601156424" lon="11.022483313737391">
        <ele>1104.2592215882614</ele>
        <time>2026-01-02T11:38:43.331Z</time>
      </trkpt>
      <trkpt lat="46.44387471065052" lon="11.02236385315385">
        <ele>1101.25774116721</ele>
        <time>2026-01-02T11:38:50.331Z</time>
      </trkpt>
      <trkpt lat="46.443904574505574" lon="11.022235262106173">
        <ele>1100.966106686741</ele>
        <time>2026-01-02T11:38:56.331Z</time>
      </trkpt>
      <trkpt lat="46.443939065300974" lon="11.022108690709471">
        <ele>1099.0973092019558</ele>
        <time>2026-01-02T11:39:05.331Z</time>
      </trkpt>
      <trkpt lat="46.443973624432246" lon="11.021964930996488">
        <ele>1098.7438828926533</ele>
        <time>2026-01-02T11:39:12.331Z</time>
      </trkpt>
      <trkpt lat="46.4440119752361" lon="11.02183675321205">
        <ele>1097.9832037938759</ele>
        <time>2026-01-02T11:39:19.331Z</time>
      </trkpt>
      <trkpt lat="46.44401293516066" lon="11.021691582297768">
        <ele>1098.1264860015363</ele>
        <time>2026-01-02T11:39:26.331Z</time>
      </trkpt>
      <trkpt lat="46.44403950489805" lon="11.021559344501892">
        <ele>1097.8952002041042</ele>
        <time>2026-01-02T11:39:32.331Z</time>
      </trkpt>
      <trkpt lat="46.44403806739422" lon="11.021422065907448">
        <ele>1098.2879461133853</ele>
        <time>2026-01-02T11:39:38.331Z</time>
      </trkpt>
      <trkpt lat="46.44404033694566" lon="11.021284089468342">
        <ele>1094.8614782057703</ele>
        <time>2026-01-02T11:39:45.331Z</time>
      </trkpt>
      <trkpt lat="46.4440639601887" lon="11.021141096820234">
        <ele>1092.3751541813836</ele>
        <time>2026-01-02T11:39:53.331Z</time>
      </trkpt>
      <trkpt lat="46.44409042889771" lon="11.02101208733584">
        <ele>1093.7430472429842</ele>
        <time>2026-01-02T11:40:12.110Z</time>
      </trkpt>
      <trkpt lat="46.44409042889771" lon="11.02101208733584">
        <ele>1090.0378021017648</ele>
        <time>2026-01-02T11:40:12.110Z</time>
      </trkpt>
      <trkpt lat="46.44416322953717" lon="11.020949065526167">
        <ele>1090.7179613219578</ele>
        <time>2026-01-02T11:40:29.268Z</time>
      </trkpt>
      <trkpt lat="46.44416322953717" lon="11.020949065526167">
        <ele>1090.7179613219578</ele>
        <time>2026-01-02T11:40:29.268Z</time>
      </trkpt>
      <trkpt lat="46.444193643852174" lon="11.020734737020632">
        <ele>1086.8203679641256</ele>
        <time>2026-01-02T11:40:59.789Z</time>
      </trkpt>
      <trkpt lat="46.44430268295957" lon="11.020166375164521">
        <ele>1080.1650957573727</ele>
        <time>2026-01-02T11:42:22.079Z</time>
      </trkpt>
      <trkpt lat="46.44430268295957" lon="11.020166375164521">
        <ele>1082.639778073877</ele>
        <time>2026-01-02T11:42:22.079Z</time>
      </trkpt>
      <trkpt lat="46.44430268295957" lon="11.020166375164521">
        <ele>1080.1650957573727</ele>
        <time>2026-01-02T11:42:22.079Z</time>
      </trkpt>
      <trkpt lat="46.44432978392177" lon="11.02000470136295">
        <ele>1078.5557646065258</ele>
        <time>2026-01-02T11:42:30.300Z</time>
      </trkpt>
      <trkpt lat="46.44432978392177" lon="11.02000470136295">
        <ele>1078.5557646065258</ele>
        <time>2026-01-02T11:42:30.300Z</time>
      </trkpt>
      <trkpt lat="46.44437831729161" lon="11.019885883090836">
        <ele>1077.7795869270576</ele>
        <time>2026-01-02T11:42:37.133Z</time>
      </trkpt>
      <trkpt lat="46.44437831729161" lon="11.019885883090836">
        <ele>1077.7795869270576</ele>
        <time>2026-01-02T11:42:37.133Z</time>
      </trkpt>
      <trkpt lat="46.44444584359212" lon="11.019790009804495">
        <ele>1077.7455214390966</ele>
        <time>2026-01-02T11:42:43.917Z</time>
      </trkpt>
      <trkpt lat="46.44444584359212" lon="11.019790009804495">
        <ele>1077.7455214390966</ele>
        <time>2026-01-02T11:42:43.917Z</time>
      </trkpt>
      <trkpt lat="46.44451077305487" lon="11.01963517641903">
        <ele>1075.8155185193295</ele>
        <time>2026-01-02T11:42:53.265Z</time>
      </trkpt>
      <trkpt lat="46.44451077305487" lon="11.01963517641903">
        <ele>1075.8155185193295</ele>
        <time>2026-01-02T11:42:53.265Z</time>
      </trkpt>
      <trkpt lat="46.44456657713164" lon="11.019451889098235">
        <ele>1071.4834060499309</ele>
        <time>2026-01-02T11:43:03.599Z</time>
      </trkpt>
      <trkpt lat="46.44464175768121" lon="11.018910248148282">
        <ele>1061.4805178207444</ele>
        <time>2026-01-02T11:43:32.097Z</time>
      </trkpt>
      <trkpt lat="46.44464175768121" lon="11.018910248148282">
        <ele>1060.423519016547</ele>
        <time>2026-01-02T11:43:32.097Z</time>
      </trkpt>
      <trkpt lat="46.44468103121014" lon="11.018661578157378">
        <ele>1059.6546329285281</ele>
        <time>2026-01-02T11:43:45.278Z</time>
      </trkpt>
      <trkpt lat="46.44468103121014" lon="11.018661578157378">
        <ele>1059.6546329285281</ele>
        <time>2026-01-02T11:43:45.278Z</time>
      </trkpt>
      <trkpt lat="46.44470350584001" lon="11.018362259250836">
        <ele>1060.4028859660855</ele>
        <time>2026-01-02T11:44:06.211Z</time>
      </trkpt>
      <trkpt lat="46.44470350584001" lon="11.018362259250836">
        <ele>1060.4028859660855</ele>
        <time>2026-01-02T11:44:06.211Z</time>
      </trkpt>
      <trkpt lat="46.44469735823034" lon="11.018141251419792">
        <ele>1060.1080992442758</ele>
        <time>2026-01-02T11:44:21.575Z</time>
      </trkpt>
      <trkpt lat="46.44469735823034" lon="11.018141251419792">
        <ele>1060.1080992442758</ele>
        <time>2026-01-02T11:44:21.575Z</time>
      </trkpt>
      <trkpt lat="46.44476694256895" lon="11.018146406482373">
        <ele>1061.11259744324</ele>
        <time>2026-01-02T11:44:28.597Z</time>
      </trkpt>
      <trkpt lat="46.44476694256895" lon="11.018146406482373">
        <ele>1061.11259744324</ele>
        <time>2026-01-02T11:44:28.597Z</time>
      </trkpt>
      <trkpt lat="46.44485469636476" lon="11.018101099752442">
        <ele>1061.8711257392044</ele>
        <time>2026-01-02T11:44:37.985Z</time>
      </trkpt>
      <trkpt lat="46.445218622081875" lon="11.017804936262422">
        <ele>1055.3697565694351</ele>
        <time>2026-01-02T11:45:20.040Z</time>
      </trkpt>
      <trkpt lat="46.445218622081875" lon="11.017804936262422">
        <ele>1055.4105249522254</ele>
        <time>2026-01-02T11:45:20.040Z</time>
      </trkpt>
      <trkpt lat="46.445218622081875" lon="11.017804936262422">
        <ele>1055.3697565694351</ele>
        <time>2026-01-02T11:45:20.040Z</time>
      </trkpt>
      <trkpt lat="46.445288481999626" lon="11.017745021178143">
        <ele>1053.999457048936</ele>
        <time>2026-01-02T11:45:26.502Z</time>
      </trkpt>
      <trkpt lat="46.445288481999626" lon="11.017745021178143">
        <ele>1053.999457048936</ele>
        <time>2026-01-02T11:45:26.502Z</time>
      </trkpt>
      <trkpt lat="46.44551885494698" lon="11.017629594794613">
        <ele>1051.9002376881413</ele>
        <time>2026-01-02T11:45:46.020Z</time>
      </trkpt>
      <trkpt lat="46.44551885494698" lon="11.017629594794613">
        <ele>1051.9002376881413</ele>
        <time>2026-01-02T11:45:46.020Z</time>
      </trkpt>
      <trkpt lat="46.44564870008065" lon="11.017533574337278">
        <ele>1049.969847335913</ele>
        <time>2026-01-02T11:45:57.615Z</time>
      </trkpt>
      <trkpt lat="46.44564870008065" lon="11.017533574337278">
        <ele>1049.969847335913</ele>
        <time>2026-01-02T11:45:57.615Z</time>
      </trkpt>
      <trkpt lat="46.44569842646243" lon="11.017519915119152">
        <ele>1049.726568460288</ele>
        <time>2026-01-02T11:46:01.642Z</time>
      </trkpt>
      <trkpt lat="46.44569842646243" lon="11.017519915119152">
        <ele>1049.726568460288</ele>
        <time>2026-01-02T11:46:01.642Z</time>
      </trkpt>
      <trkpt lat="46.44591262066305" lon="11.017557408539801">
        <ele>1053.0724235885318</ele>
        <time>2026-01-02T11:46:18.810Z</time>
      </trkpt>
      <trkpt lat="46.44591262066305" lon="11.017557408539801">
        <ele>1053.0724235885318</ele>
        <time>2026-01-02T11:46:18.810Z</time>
      </trkpt>
      <trkpt lat="46.446200493823426" lon="11.017588342183359">
        <ele>1060.613796999306</ele>
        <time>2026-01-02T11:46:40.345Z</time>
      </trkpt>
      <trkpt lat="46.446200493823426" lon="11.017588342183359">
        <ele>1060.613796999306</ele>
        <time>2026-01-02T11:46:40.345Z</time>
      </trkpt>
      <trkpt lat="46.44638138817618" lon="11.01755076163866">
        <ele>1062.2077244574434</ele>
        <time>2026-01-02T11:46:53.995Z</time>
      </trkpt>
      <trkpt lat="46.44638138817618" lon="11.01755076163866">
        <ele>1062.2077244574434</ele>
        <time>2026-01-02T11:46:53.995Z</time>
      </trkpt>
      <trkpt lat="46.44651629835903" lon="11.017478690753137">
        <ele>1061.9237936541558</ele>
        <time>2026-01-02T11:47:05.607Z</time>
      </trkpt>
      <trkpt lat="46.44651629835903" lon="11.017478690753137">
        <ele>1061.9237936541558</ele>
        <time>2026-01-02T11:47:05.607Z</time>
      </trkpt>
      <trkpt lat="46.44663537694865" lon="11.01735326855416">
        <ele>1060.6743363518842</ele>
        <time>2026-01-02T11:47:17.491Z</time>
      </trkpt>
      <trkpt lat="46.44666583214005" lon="11.017314253587521">
        <ele>1060.3120172771535</ele>
        <time>2026-01-02T11:47:20.418Z</time>
      </trkpt>
      <trkpt lat="46.44666583214005" lon="11.017314253587521">
        <ele>1060.2805846968402</ele>
        <time>2026-01-02T11:47:20.418Z</time>
      </trkpt>
      <trkpt lat="46.44670294459152" lon="11.017228610327408">
        <ele>1059.1789553547665</ele>
        <time>2026-01-02T11:47:25.442Z</time>
      </trkpt>
      <trkpt lat="46.446753033455806" lon="11.0168944426677">
        <ele>1055.0126638479283</ele>
        <time>2026-01-02T11:47:42.467Z</time>
      </trkpt>
      <trkpt lat="46.446753033455806" lon="11.0168944426677">
        <ele>1054.3962101315929</ele>
        <time>2026-01-02T11:47:42.467Z</time>
      </trkpt>
      <trkpt lat="46.446767943726655" lon="11.016701418029896">
        <ele>1052.0692285534055</ele>
        <time>2026-01-02T11:47:52.137Z</time>
      </trkpt>
      <trkpt lat="46.44680014728685" lon="11.016580122930547">
        <ele>1051.1174477793752</ele>
        <time>2026-01-02T11:47:58.608Z</time>
      </trkpt>
      <trkpt lat="46.44680014728685" lon="11.016580122930547">
        <ele>1049.56148920767</ele>
        <time>2026-01-02T11:47:58.608Z</time>
      </trkpt>
      <trkpt lat="46.44680014728685" lon="11.016580122930547">
        <ele>1051.1174477793752</ele>
        <time>2026-01-02T11:47:58.608Z</time>
      </trkpt>
      <trkpt lat="46.44685748439605" lon="11.016373607384764">
        <ele>1049.5828841884063</ele>
        <time>2026-01-02T11:48:10.375Z</time>
      </trkpt>
      <trkpt lat="46.44685748439605" lon="11.016373607384764">
        <ele>1049.5828841884063</ele>
        <time>2026-01-02T11:48:10.375Z</time>
      </trkpt>
      <trkpt lat="46.44691807271823" lon="11.016224222436364">
        <ele>1048.2176414655028</ele>
        <time>2026-01-02T11:48:19.475Z</time>
      </trkpt>
      <trkpt lat="46.44691807271823" lon="11.016224222436364">
        <ele>1048.2176414655028</ele>
        <time>2026-01-02T11:48:19.475Z</time>
      </trkpt>
      <trkpt lat="46.44699679313979" lon="11.016076542285532">
        <ele>1045.7747833954127</ele>
        <time>2026-01-02T11:48:29.277Z</time>
      </trkpt>
      <trkpt lat="46.44699679313979" lon="11.016076542285532">
        <ele>1045.7747833954127</ele>
        <time>2026-01-02T11:48:29.277Z</time>
      </trkpt>
      <trkpt lat="46.44729774601396" lon="11.015802226781318">
        <ele>1045.2013680451555</ele>
        <time>2026-01-02T11:48:56.421Z</time>
      </trkpt>
      <trkpt lat="46.44729774601396" lon="11.015802226781318">
        <ele>1045.2013680451555</ele>
        <time>2026-01-02T11:48:56.421Z</time>
      </trkpt>
      <trkpt lat="46.44740038306534" lon="11.015648742217053">
        <ele>1044.1329085858808</ele>
        <time>2026-01-02T11:49:07.683Z</time>
      </trkpt>
      <trkpt lat="46.44740038306534" lon="11.015648742217053">
        <ele>1044.1329085858808</ele>
        <time>2026-01-02T11:49:07.683Z</time>
      </trkpt>
      <trkpt lat="46.44746324218687" lon="11.015584303315563">
        <ele>1044.2082886869093</ele>
        <time>2026-01-02T11:49:13.573Z</time>
      </trkpt>
      <trkpt lat="46.44746324218687" lon="11.015584303315563">
        <ele>1044.2082886869093</ele>
        <time>2026-01-02T11:49:13.573Z</time>
      </trkpt>
      <trkpt lat="46.447645733923565" lon="11.015484271695556">
        <ele>1046.6781018901625</ele>
        <time>2026-01-02T11:49:27.733Z</time>
      </trkpt>
      <trkpt lat="46.447645733923565" lon="11.015484271695556">
        <ele>1046.6781018901625</ele>
        <time>2026-01-02T11:49:27.733Z</time>
      </trkpt>
      <trkpt lat="46.447743189028614" lon="11.015366683476373">
        <ele>1045.139273334352</ele>
        <time>2026-01-02T11:49:36.933Z</time>
      </trkpt>
      <trkpt lat="46.447743189028614" lon="11.015366683476373">
        <ele>1045.139273334352</ele>
        <time>2026-01-02T11:49:36.933Z</time>
      </trkpt>
      <trkpt lat="46.44788283915031" lon="11.015208998459684">
        <ele>1042.7088257655478</ele>
        <time>2026-01-02T11:49:49.780Z</time>
      </trkpt>
      <trkpt lat="46.44788283915031" lon="11.015208998459684">
        <ele>1042.7088257655478</ele>
        <time>2026-01-02T11:49:49.780Z</time>
      </trkpt>
      <trkpt lat="46.448088102370974" lon="11.014971689741003">
        <ele>1037.9407961835293</ele>
        <time>2026-01-02T11:50:08.841Z</time>
      </trkpt>
      <trkpt lat="46.448088102370974" lon="11.014971689741003">
        <ele>1037.9407961835293</ele>
        <time>2026-01-02T11:50:08.841Z</time>
      </trkpt>
      <trkpt lat="46.448228678792105" lon="11.01480697682561">
        <ele>1037.6733304539232</ele>
        <time>2026-01-02T11:50:21.977Z</time>
      </trkpt>
      <trkpt lat="46.448228678792105" lon="11.01480697682561">
        <ele>1037.6733304539232</ele>
        <time>2026-01-02T11:50:21.977Z</time>
      </trkpt>
      <trkpt lat="46.44832400455411" lon="11.014696716060143">
        <ele>1037.6032996973645</ele>
        <time>2026-01-02T11:50:31.335Z</time>
      </trkpt>
      <trkpt lat="46.44832400455411" lon="11.014696716060143">
        <ele>1037.6032996973645</ele>
        <time>2026-01-02T11:50:31.335Z</time>
      </trkpt>
      <trkpt lat="46.44847448478416" lon="11.01446318718169">
        <ele>1035.1697041308269</ele>
        <time>2026-01-02T11:50:48.381Z</time>
      </trkpt>
      <trkpt lat="46.44847448478416" lon="11.01446318718169">
        <ele>1035.1697041308269</ele>
        <time>2026-01-02T11:50:48.381Z</time>
      </trkpt>
      <trkpt lat="46.448529779584675" lon="11.014352035241245">
        <ele>1033.3075758304687</ele>
        <time>2026-01-02T11:50:55.690Z</time>
      </trkpt>
      <trkpt lat="46.44854168487808" lon="11.014181054984268">
        <ele>1030.1235408231623</ele>
        <time>2026-01-02T11:51:04.851Z</time>
      </trkpt>
      <trkpt lat="46.44854168487808" lon="11.014181054984268">
        <ele>1026.907633506693</ele>
        <time>2026-01-02T11:51:04.851Z</time>
      </trkpt>
      <trkpt lat="46.44854168487808" lon="11.014181054984268">
        <ele>1030.1235408231623</ele>
        <time>2026-01-02T11:51:04.851Z</time>
      </trkpt>
      <trkpt lat="46.44856316266157" lon="11.01383257916379">
        <ele>1026.1882301575554</ele>
        <time>2026-01-02T11:51:24.141Z</time>
      </trkpt>
      <trkpt lat="46.44856316266157" lon="11.01383257916379">
        <ele>1026.1882301575554</ele>
        <time>2026-01-02T11:51:24.141Z</time>
      </trkpt>
      <trkpt lat="46.44856597284149" lon="11.013476194711103">
        <ele>1024.9850016798368</ele>
        <time>2026-01-02T11:51:43.819Z</time>
      </trkpt>
      <trkpt lat="46.44856597284149" lon="11.013476194711103">
        <ele>1024.9850016798368</ele>
        <time>2026-01-02T11:51:43.819Z</time>
      </trkpt>
      <trkpt lat="46.448563434615124" lon="11.013463151383974">
        <ele>1024.9354686778518</ele>
        <time>2026-01-02T11:51:44.569Z</time>
      </trkpt>
      <trkpt lat="46.448563434615124" lon="11.013463151383974">
        <ele>1024.9354686778518</ele>
        <time>2026-01-02T11:51:44.569Z</time>
      </trkpt>
      <trkpt lat="46.448362520257035" lon="11.013313020557234">
        <ele>1022.0658330847518</ele>
        <time>2026-01-02T11:52:04.127Z</time>
      </trkpt>
      <trkpt lat="46.448362520257035" lon="11.013313020557234">
        <ele>1022.0658330847518</ele>
        <time>2026-01-02T11:52:04.127Z</time>
      </trkpt>
      <trkpt lat="46.44833657243501" lon="11.013305918540027">
        <ele>1021.6709428144156</ele>
        <time>2026-01-02T11:52:06.412Z</time>
      </trkpt>
      <trkpt lat="46.448315460983025" lon="11.013368747769249">
        <ele>1021.3869045024643</ele>
        <time>2026-01-02T11:52:10.580Z</time>
      </trkpt>
      <trkpt lat="46.448315460983025" lon="11.013368747769249">
        <ele>1021.3869045024643</ele>
        <time>2026-01-02T11:52:10.580Z</time>
      </trkpt>
      <trkpt lat="46.448315460983025" lon="11.013368747769249">
        <ele>1021.3869045024643</ele>
        <time>2026-01-02T11:52:10.580Z</time>
      </trkpt>
      <trkpt lat="46.448292558128514" lon="11.01335660897439">
        <ele>1021.1119712196762</ele>
        <time>2026-01-02T11:52:12.425Z</time>
      </trkpt>
      <trkpt lat="46.448292558128514" lon="11.01335660897439">
        <ele>1021.1119712196762</ele>
        <time>2026-01-02T11:52:12.425Z</time>
      </trkpt>
      <trkpt lat="46.44817023892506" lon="11.013389478442349">
        <ele>1019.6197580681697</ele>
        <time>2026-01-02T11:52:22.857Z</time>
      </trkpt>
      <trkpt lat="46.44817023892506" lon="11.013389478442349">
        <ele>1019.6197580681697</ele>
        <time>2026-01-02T11:52:22.857Z</time>
      </trkpt>
      <trkpt lat="46.44802934997233" lon="11.01345807962312">
        <ele>1018.5989894461355</ele>
        <time>2026-01-02T11:52:35.319Z</time>
      </trkpt>
      <trkpt lat="46.44802934997233" lon="11.01345807962312">
        <ele>1018.5989894461355</ele>
        <time>2026-01-02T11:52:35.319Z</time>
      </trkpt>
      <trkpt lat="46.44785727365246" lon="11.013523168946932">
        <ele>1017.9100914711146</ele>
        <time>2026-01-02T11:52:50.234Z</time>
      </trkpt>
      <trkpt lat="46.44785727365246" lon="11.013523168946932">
        <ele>1017.9100914711146</ele>
        <time>2026-01-02T11:52:50.234Z</time>
      </trkpt>
      <trkpt lat="46.44770330019037" lon="11.013560787338463">
        <ele>1017.0207530953589</ele>
        <time>2026-01-02T11:53:03.330Z</time>
      </trkpt>
      <trkpt lat="46.44753029177188" lon="11.013645252413342">
        <ele>1016.1606540533762</ele>
        <time>2026-01-02T11:53:18.652Z</time>
      </trkpt>
      <trkpt lat="46.44753029177188" lon="11.013645252413342">
        <ele>1016.15052195037</ele>
        <time>2026-01-02T11:53:18.652Z</time>
      </trkpt>
      <trkpt lat="46.44726019977824" lon="11.013703657926413">
        <ele>1014.0560250917919</ele>
        <time>2026-01-02T11:53:41.574Z</time>
      </trkpt>
      <trkpt lat="46.44714697462234" lon="11.013772191158933">
        <ele>1013.5919107293519</ele>
        <time>2026-01-02T11:53:51.885Z</time>
      </trkpt>
      <trkpt lat="46.44714697462234" lon="11.013772191158933">
        <ele>1013.591277294607</ele>
        <time>2026-01-02T11:53:51.885Z</time>
      </trkpt>
      <trkpt lat="46.44696015222232" lon="11.013948287989905">
        <ele>1013.6390991450303</ele>
        <time>2026-01-02T11:54:10.643Z</time>
      </trkpt>
      <trkpt lat="46.44696015222232" lon="11.013948287989905">
        <ele>1013.6390991450303</ele>
        <time>2026-01-02T11:54:10.643Z</time>
      </trkpt>
      <trkpt lat="46.44681694212875" lon="11.01405084090726">
        <ele>1012.989280700431</ele>
        <time>2026-01-02T11:54:24.090Z</time>
      </trkpt>
      <trkpt lat="46.44663273181789" lon="11.014083453452264">
        <ele>1010.281426821013</ele>
        <time>2026-01-02T11:54:39.716Z</time>
      </trkpt>
      <trkpt lat="46.44663273181789" lon="11.014083453452264">
        <ele>1000.9182370835915</ele>
        <time>2026-01-02T11:54:39.716Z</time>
      </trkpt>
      <trkpt lat="46.44653618098762" lon="11.014083980570385">
        <ele>998.7517778212205</ele>
        <time>2026-01-02T11:54:48.467Z</time>
      </trkpt>
      <trkpt lat="46.44652202147909" lon="11.01408031654161">
        <ele>998.6653445501403</ele>
        <time>2026-01-02T11:54:49.580Z</time>
      </trkpt>
      <trkpt lat="46.4464471669829" lon="11.014060946587678">
        <ele>998.2084134984761</ele>
        <time>2026-01-02T11:54:55.467Z</time>
      </trkpt>
      <trkpt lat="46.44635466373845" lon="11.014039771109154">
        <ele>995.64842457138</ele>
        <time>2026-01-02T11:55:02.467Z</time>
      </trkpt>
      <trkpt lat="46.44634698335384" lon="11.014036076569989">
        <ele>995.7866879714302</ele>
        <time>2026-01-02T11:55:03.107Z</time>
      </trkpt>
      <trkpt lat="46.44634698335384" lon="11.014036076569989">
        <ele>1005.6379425644877</ele>
        <time>2026-01-02T11:55:03.107Z</time>
      </trkpt>
      <trkpt lat="46.44614795111514" lon="11.013999698178083">
        <ele>1002.9551937314513</ele>
        <time>2026-01-02T11:55:18.990Z</time>
      </trkpt>
      <trkpt lat="46.44614795111514" lon="11.013999698178083">
        <ele>1002.9551937314513</ele>
        <time>2026-01-02T11:55:18.990Z</time>
      </trkpt>
      <trkpt lat="46.44603362348812" lon="11.014041208834755">
        <ele>1001.6731455358213</ele>
        <time>2026-01-02T11:55:28.324Z</time>
      </trkpt>
      <trkpt lat="46.44603362348812" lon="11.014041208834755">
        <ele>1001.6731455358213</ele>
        <time>2026-01-02T11:55:28.324Z</time>
      </trkpt>
      <trkpt lat="46.44592211613346" lon="11.014076452191063">
        <ele>1000.287316635286</ele>
        <time>2026-01-02T11:55:37.363Z</time>
      </trkpt>
      <trkpt lat="46.44547278783383" lon="11.014101520337881">
        <ele>993.7829023006852</ele>
        <time>2026-01-02T11:56:12.978Z</time>
      </trkpt>
      <trkpt lat="46.44542943358685" lon="11.014103939082993">
        <ele>993.4061839482802</ele>
        <time>2026-01-02T11:56:16.414Z</time>
      </trkpt>
      <trkpt lat="46.445146465845355" lon="11.014119725929481">
        <ele>990.9473904211119</ele>
        <time>2026-01-02T11:56:38.843Z</time>
      </trkpt>
      <trkpt lat="46.445146465845355" lon="11.014119725929481">
        <ele>984.5852126413956</ele>
        <time>2026-01-02T11:56:38.843Z</time>
      </trkpt>
      <trkpt lat="46.445146465845355" lon="11.014119725929481">
        <ele>990.9473904211119</ele>
        <time>2026-01-02T11:56:38.843Z</time>
      </trkpt>
      <trkpt lat="46.44488614052398" lon="11.014335277088179">
        <ele>987.9915181116207</ele>
        <time>2026-01-02T11:57:01.426Z</time>
      </trkpt>
      <trkpt lat="46.44447590658636" lon="11.014602490773889">
        <ele>986.3035486566299</ele>
        <time>2026-01-02T11:57:35.308Z</time>
      </trkpt>
      <trkpt lat="46.44406567264875" lon="11.0148697044596">
        <ele>981.5444658191266</ele>
        <time>2026-01-02T11:58:09.190Z</time>
      </trkpt>
      <trkpt lat="46.44375882351772" lon="11.015069576483194">
        <ele>976.7152541213796</ele>
        <time>2026-01-02T11:58:34.533Z</time>
      </trkpt>
      <trkpt lat="46.44375882351772" lon="11.015069576483194">
        <ele>969.0804632976651</ele>
        <time>2026-01-02T11:58:34.533Z</time>
      </trkpt>
      <trkpt lat="46.44375882351772" lon="11.015069576483194">
        <ele>976.7152541213796</ele>
        <time>2026-01-02T11:58:34.533Z</time>
      </trkpt>
      <trkpt lat="46.44365474570981" lon="11.01513340190391">
        <ele>975.6329498030897</ele>
        <time>2026-01-02T11:58:42.759Z</time>
      </trkpt>
      <trkpt lat="46.44365474570981" lon="11.01513340190391">
        <ele>975.6329498030897</ele>
        <time>2026-01-02T11:58:42.759Z</time>
      </trkpt>
      <trkpt lat="46.44336755435546" lon="11.015441137464364">
        <ele>972.1173566188385</ele>
        <time>2026-01-02T11:59:08.762Z</time>
      </trkpt>
      <trkpt lat="46.44336755435546" lon="11.015441137464364">
        <ele>972.1173566188385</ele>
        <time>2026-01-02T11:59:08.762Z</time>
      </trkpt>
      <trkpt lat="46.443164859956994" lon="11.01561385868925">
        <ele>967.3711592091786</ele>
        <time>2026-01-02T11:59:25.883Z</time>
      </trkpt>
      <trkpt lat="46.443164859956994" lon="11.01561385868925">
        <ele>967.3711592091786</ele>
        <time>2026-01-02T11:59:25.883Z</time>
      </trkpt>
      <trkpt lat="46.44282136109235" lon="11.016034969082968">
        <ele>966.0311850819737</ele>
        <time>2026-01-02T11:59:58.636Z</time>
      </trkpt>
      <trkpt lat="46.44276217396478" lon="11.016107529190606">
        <ele>965.92875025983</ele>
        <time>2026-01-02T12:00:04.287Z</time>
      </trkpt>
      <trkpt lat="46.44276217396478" lon="11.016107529190606">
        <ele>965.92875025983</ele>
        <time>2026-01-02T12:00:04.287Z</time>
      </trkpt>
      <trkpt lat="46.4424224193819" lon="11.016534985098916">
        <ele>964.8370406726057</ele>
        <time>2026-01-02T12:00:37.087Z</time>
      </trkpt>
      <trkpt lat="46.44219206482731" lon="11.016824801396695">
        <ele>962.9304715795375</ele>
        <time>2026-01-02T12:01:01.238Z</time>
      </trkpt>
      <trkpt lat="46.44219206482731" lon="11.016824801396695">
        <ele>962.9304715795375</ele>
        <time>2026-01-02T12:01:01.238Z</time>
      </trkpt>
      <trkpt lat="46.44200728654249" lon="11.016899410974162">
        <ele>960.1632334603503</ele>
        <time>2026-01-02T12:01:16.553Z</time>
      </trkpt>
      <trkpt lat="46.44200728654249" lon="11.016899410974162">
        <ele>960.1632334603503</ele>
        <time>2026-01-02T12:01:16.553Z</time>
      </trkpt>
      <trkpt lat="46.44198754396834" lon="11.016944361000157">
        <ele>959.9697967650379</ele>
        <time>2026-01-02T12:01:19.486Z</time>
      </trkpt>
      <trkpt lat="46.4419881980092" lon="11.01697891674732">
        <ele>960.1559746441906</ele>
        <time>2026-01-02T12:01:21.388Z</time>
      </trkpt>
      <trkpt lat="46.4419881980092" lon="11.01697891674732">
        <ele>960.1559746441906</ele>
        <time>2026-01-02T12:01:21.388Z</time>
      </trkpt>
      <trkpt lat="46.441960704839886" lon="11.016976402177022">
        <ele>959.53702933481</ele>
        <time>2026-01-02T12:05:00.013Z</time>
      </trkpt>
      <trkpt lat="46.441960704839886" lon="11.016976402177022">
        <ele>959.53702933481</ele>
        <time>2026-01-02T12:05:00.013Z</time>
      </trkpt>
      <trkpt lat="46.441960820357195" lon="11.016907335294718">
        <ele>959.2098624034559</ele>
        <time>2026-01-02T12:05:03.662Z</time>
      </trkpt>
      <trkpt lat="46.441960820357195" lon="11.016907335294718">
        <ele>959.2098624034559</ele>
        <time>2026-01-02T12:05:03.662Z</time>
      </trkpt>
      <trkpt lat="46.44195839448889" lon="11.016809769942483">
        <ele>958.6155449628371</ele>
        <time>2026-01-02T12:05:09.374Z</time>
      </trkpt>
      <trkpt lat="46.44195839448889" lon="11.016809769942483">
        <ele>958.6155449628371</ele>
        <time>2026-01-02T12:05:09.374Z</time>
      </trkpt>
      <trkpt lat="46.44184030849459" lon="11.016883108778643">
        <ele>956.4481245953128</ele>
        <time>2026-01-02T12:05:20.982Z</time>
      </trkpt>
      <trkpt lat="46.44184030849459" lon="11.016883108778643">
        <ele>956.4481245953128</ele>
        <time>2026-01-02T12:05:20.982Z</time>
      </trkpt>
      <trkpt lat="46.441784166800915" lon="11.016944464279732">
        <ele>955.5425803458761</ele>
        <time>2026-01-02T12:05:26.190Z</time>
      </trkpt>
      <trkpt lat="46.441784166800915" lon="11.016944464279732">
        <ele>955.5425803458761</ele>
        <time>2026-01-02T12:05:26.190Z</time>
      </trkpt>
      <trkpt lat="46.441495652976386" lon="11.017265786286202">
        <ele>951.7432318478426</ele>
        <time>2026-01-02T12:05:53.576Z</time>
      </trkpt>
      <trkpt lat="46.441495652976386" lon="11.017265786286202">
        <ele>951.7432318478426</ele>
        <time>2026-01-02T12:05:53.576Z</time>
      </trkpt>
      <trkpt lat="46.44142234869258" lon="11.017359688730124">
        <ele>951.2637257771503</ele>
        <time>2026-01-02T12:06:00.925Z</time>
      </trkpt>
      <trkpt lat="46.44142234869258" lon="11.017359688730124">
        <ele>951.2637257771503</ele>
        <time>2026-01-02T12:06:00.925Z</time>
      </trkpt>
      <trkpt lat="46.441330433912924" lon="11.017352291260039">
        <ele>949.9142621402822</ele>
        <time>2026-01-02T12:06:07.807Z</time>
      </trkpt>
      <trkpt lat="46.441330433912924" lon="11.017352291260039">
        <ele>949.9142621402822</ele>
        <time>2026-01-02T12:06:07.807Z</time>
      </trkpt>
      <trkpt lat="46.44129359358004" lon="11.017332005383537">
        <ele>949.2578489181406</ele>
        <time>2026-01-02T12:06:11.895Z</time>
      </trkpt>
      <trkpt lat="46.44129359358004" lon="11.017332005383537">
        <ele>949.2578489181406</ele>
        <time>2026-01-02T12:06:11.895Z</time>
      </trkpt>
      <trkpt lat="46.44129359358004" lon="11.017332005383537">
        <ele>949.2578489181406</ele>
        <time>2026-01-02T12:06:11.895Z</time>
      </trkpt>
      <trkpt lat="46.44132390990808" lon="11.017154401023106">
        <ele>948.1287059524278</ele>
        <time>2026-01-02T12:06:22.632Z</time>
      </trkpt>
      <trkpt lat="46.44132390990808" lon="11.017154401023106">
        <ele>948.1287059524278</ele>
        <time>2026-01-02T12:06:22.632Z</time>
      </trkpt>
      <trkpt lat="46.44132764547297" lon="11.017018292662584">
        <ele>947.0465173872509</ele>
        <time>2026-01-02T12:06:30.625Z</time>
      </trkpt>
    </trkseg>
  </trk>
</gpx>
